scope	id	name	expression
CashAccount43	_w5_OIzEyEe6g-ffJsqGiSA	IdentificationOrProxyPresenceRule	<RuleDefinition><SimpleRule xmlns:xsi="http://www.w3.org/2001/XMLSchema-instance" xsi:type="SimpleRule"><mustBe><connector>OR</connector><BooleanRule xsi:type="Presence"><leftOperand>/Identification</leftOperand></BooleanRule><BooleanRule xsi:type="Presence"><leftOperand>/Proxy</leftOperand></BooleanRule></mustBe></SimpleRule></RuleDefinition>
BankTransactionCodeStructure4	_TVbBuNp-Ed-ak6NoX_4Aeg_-549687332	DomainOrProprietaryRule	<RuleDefinition xmlns:xsi="http://www.w3.org/2001/XMLSchema-instance"><SimpleRule xsi:type="SimpleRule"><mustBe><connector>OR</connector><BooleanRule xsi:type="Presence"><leftOperand>/Domain</leftOperand></BooleanRule><BooleanRule xsi:type="Presence"><leftOperand>/Proprietary</leftOperand></BooleanRule></mustBe></SimpleRule></RuleDefinition>
EntryTransaction16	49253999-407e-4b72-904f-0c04103a8c26	PaymentTypeOrLocalInstrumentRule	<RuleDefinition><SimpleRule xmlns:xsi="http://www.w3.org/2001/XMLSchema-instance" xsi:type="SimpleRule"><mustBe><connector>OR</connector><BooleanRule xsi:type="Absence"><leftOperand>/PaymentTypeInformation</leftOperand></BooleanRule><BooleanRule xsi:type="Absence"><leftOperand>/LocalInstrument</leftOperand></BooleanRule></mustBe></SimpleRule></RuleDefinition>
SecurityIdentification19	_iDjE0YlXEeWPSZi0kAOXhg	DescriptionPresenceRule	<RuleDefinition><ComplexRule xmlns:xsi="http://www.w3.org/2001/XMLSchema-instance" xsi:type="ComplexRule"><mustBe><connector>OR</connector><BooleanRule xsi:type="Presence"><leftOperand>/ISIN</leftOperand></BooleanRule><BooleanRule xsi:type="Presence"><leftOperand>/OtherIdentification[*]</leftOperand></BooleanRule></mustBe><onCondition><connector>AND</connector><BooleanRule xsi:type="Absence"><leftOperand>/Description</leftOperand></BooleanRule></onCondition></ComplexRule></RuleDefinition>
SecurityIdentification19	_iDjE04lXEeWPSZi0kAOXhg	OtherIdentificationPresenceRule	<RuleDefinition><ComplexRule xmlns:xsi="http://www.w3.org/2001/XMLSchema-instance" xsi:type="ComplexRule"><mustBe><connector>OR</connector><BooleanRule xsi:type="Presence"><leftOperand>/ISIN</leftOperand></BooleanRule><BooleanRule xsi:type="Presence"><leftOperand>/Description</leftOperand></BooleanRule></mustBe><onCondition><connector>AND</connector><BooleanRule xsi:type="Absence"><leftOperand>/OtherIdentification[*]</leftOperand></BooleanRule></onCondition></ComplexRule></RuleDefinition>
SecurityIdentification19	_iDjE1YlXEeWPSZi0kAOXhg	ISINPresenceRule	<RuleDefinition><ComplexRule xmlns:xsi="http://www.w3.org/2001/XMLSchema-instance" xsi:type="ComplexRule"><mustBe><connector>OR</connector><BooleanRule xsi:type="Presence"><leftOperand>/OtherIdentification[*]</leftOperand></BooleanRule><BooleanRule xsi:type="Presence"><leftOperand>/Description</leftOperand></BooleanRule></mustBe><onCondition><connector>AND</connector><BooleanRule xsi:type="Absence"><leftOperand>/ISIN</leftOperand></BooleanRule></onCondition></ComplexRule></RuleDefinition>
PaymentReturnReason8	_2hNVUTEyEe6g-ffJsqGiSA	ReturnReasonRule	<RuleDefinition><ComplexRule xmlns:xsi="http://www.w3.org/2001/XMLSchema-instance" xsi:type="ComplexRule"><mustBe><connector>AND</connector><BooleanRule xsi:type="Presence"><leftOperand>/AdditionalInformation[*]</leftOperand></BooleanRule></mustBe><onCondition><connector>AND</connector><BooleanRule xsi:type="WithInList"><leftOperand>/Reason/Code</leftOperand><rightOperand>ValidationRuleNarrative1Code</rightOperand></BooleanRule><BooleanRule xsi:type="Presence"><leftOperand>/Reason</leftOperand></BooleanRule><BooleanRule xsi:type="Presence"><leftOperand>/Reason/Code</leftOperand></BooleanRule></onCondition></ComplexRule></RuleDefinition>
UnderlyingTransaction36	601db2d6-4ee5-4662-8d09-5a94668a31b0	GroupCancellationAndNumberOfTransactionsRule	<RuleDefinition xmlns:xsi="http://www.w3.org/2001/XMLSchema-instance"><ComplexRule xsi:type="ComplexRule"><mustBe><connector>AND</connector><BooleanRule xsi:type="EqualToValue"><leftOperand>/OriginalGroupInformationAndCancellation/NumberOfTransactions</leftOperand><rightOperand>Number Occurrences TransactionInformation</rightOperand></BooleanRule></mustBe><onCondition><connector>AND</connector><BooleanRule xsi:type="Presence"><leftOperand>/OriginalGroupInformationAndCancellation/GroupCancellation</leftOperand></BooleanRule><BooleanRule xsi:type="EqualToValue"><leftOperand>/OriginalGroupInformationAndCancellation/GroupCancellation</leftOperand><rightOperand>false</rightOperand></BooleanRule></onCondition></ComplexRule></RuleDefinition>
UnderlyingTransaction36	38656ff4-57f6-4b9e-884c-1cacf0c9508a	GroupCancellationTrueAndTransactionInformationRule	<RuleDefinition xmlns:xsi="http://www.w3.org/2001/XMLSchema-instance"><ComplexRule xsi:type="ComplexRule"><mustBe><connector>AND</connector><BooleanRule xsi:type="Absence"><leftOperand>/TransactionInformation[*]</leftOperand></BooleanRule></mustBe><onCondition><connector>AND</connector><BooleanRule xsi:type="Presence"><leftOperand>/OriginalGroupInformationAndCancellation/GroupCancellation</leftOperand></BooleanRule><BooleanRule xsi:type="EqualToValue"><leftOperand>/OriginalGroupInformationAndCancellation/GroupCancellation</leftOperand><rightOperand>true</rightOperand></BooleanRule></onCondition></ComplexRule></RuleDefinition>
UnderlyingTransaction36	c2bcbc57-b95e-4786-aa55-22b0c4a70b47	GroupCancellationFalseAndTransactionInformationRule	<RuleDefinition xmlns:xsi="http://www.w3.org/2001/XMLSchema-instance"><ComplexRule xsi:type="ComplexRule"><mustBe><connector>AND</connector><BooleanRule xsi:type="Presence"><leftOperand>/TransactionInformation[1]</leftOperand></BooleanRule></mustBe><onCondition><connector>AND</connector><BooleanRule xsi:type="Presence"><leftOperand>/OriginalGroupInformationAndCancellation/GroupCancellation</leftOperand></BooleanRule><BooleanRule xsi:type="EqualToValue"><leftOperand>/OriginalGroupInformationAndCancellation/GroupCancellation</leftOperand><rightOperand>false</rightOperand></BooleanRule></onCondition></ComplexRule></RuleDefinition>
UnderlyingTransaction36	0480afa0-bd68-4582-97ff-f55fa44b2fb5	GroupOrTransactionCaseRule	<RuleDefinition xmlns:xsi="http://www.w3.org/2001/XMLSchema-instance"><ComplexRule xsi:type="ComplexRule"><mustBe><connector>AND</connector><BooleanRule xsi:type="Absence"><leftOperand>/TransactionInformation[*]/Case</leftOperand></BooleanRule></mustBe><onCondition><connector>AND</connector><BooleanRule xsi:type="Presence"><leftOperand>/OriginalGroupInformationAndCancellation</leftOperand></BooleanRule><BooleanRule xsi:type="Presence"><leftOperand>/OriginalGroupInformationAndCancellation/Case</leftOperand></BooleanRule><BooleanRule xsi:type="Presence"><leftOperand>/TransactionInformation[1]</leftOperand></BooleanRule></onCondition></ComplexRule></RuleDefinition>
OriginalGroupHeader21	_sWnToZj7Ee6JZ5PqQYYSbg	GroupCancellationAndReasonRule	<RuleDefinition><ComplexRule xmlns:xsi="http://www.w3.org/2001/XMLSchema-instance" xsi:type="ComplexRule"><mustBe><connector>AND</connector><BooleanRule xsi:type="Presence"><leftOperand>/CancellationReasonInformation[1]</leftOperand></BooleanRule><BooleanRule xsi:type="Presence"><leftOperand>/CancellationReasonInformation[1]/Reason</leftOperand></BooleanRule></mustBe><onCondition><connector>AND</connector><BooleanRule xsi:type="Presence"><leftOperand>/GroupCancellation</leftOperand></BooleanRule><BooleanRule xsi:type="EqualToValue"><leftOperand>/GroupCancellation</leftOperand><rightOperand>true</rightOperand></BooleanRule></onCondition></ComplexRule></RuleDefinition>
UnderlyingTransaction35	76d46abe-edb2-4316-b63d-f8ccdf830718	GroupOrPaymentInformationResolvedCaseRule	<RuleDefinition xmlns:xsi="http://www.w3.org/2001/XMLSchema-instance"><ComplexRule xsi:type="ComplexRule"><mustBe><connector>AND</connector><BooleanRule xsi:type="Absence"><leftOperand>/OriginalPaymentInformationAndStatus[*]/ResolvedCase</leftOperand></BooleanRule></mustBe><onCondition><connector>AND</connector><BooleanRule xsi:type="Presence"><leftOperand>/OriginalGroupInformationAndStatus</leftOperand></BooleanRule><BooleanRule xsi:type="Presence"><leftOperand>/OriginalGroupInformationAndStatus/ResolvedCase</leftOperand></BooleanRule><BooleanRule xsi:type="Presence"><leftOperand>/OriginalPaymentInformationAndStatus[1]</leftOperand></BooleanRule></onCondition></ComplexRule></RuleDefinition>
UnderlyingTransaction35	1f7b7a4c-ff66-488d-bd2a-22ecbd401551	GroupOrInitiationTransactionResolvedCaseRule	<RuleDefinition xmlns:xsi="http://www.w3.org/2001/XMLSchema-instance"><ComplexRule xsi:type="ComplexRule"><mustBe><connector>AND</connector><BooleanRule xsi:type="Absence"><leftOperand>/OriginalPaymentInformationAndStatus[*]/TransactionInformationAndStatus[*]/ResolvedCase</leftOperand></BooleanRule></mustBe><onCondition><connector>AND</connector><BooleanRule xsi:type="Presence"><leftOperand>/OriginalGroupInformationAndStatus</leftOperand></BooleanRule><BooleanRule xsi:type="Presence"><leftOperand>/OriginalGroupInformationAndStatus/ResolvedCase</leftOperand></BooleanRule><BooleanRule xsi:type="Presence"><leftOperand>/OriginalPaymentInformationAndStatus[1]</leftOperand></BooleanRule><BooleanRule xsi:type="Presence"><leftOperand>/OriginalPaymentInformationAndStatus[1]/TransactionInformationAndStatus[1]</leftOperand></BooleanRule></onCondition></ComplexRule></RuleDefinition>
UnderlyingTransaction35	2823547f-6161-431a-8fcb-362c170537db	GroupOrInterbankTransactionResolvedCaseRule	<RuleDefinition xmlns:xsi="http://www.w3.org/2001/XMLSchema-instance"><ComplexRule xsi:type="ComplexRule"><mustBe><connector>AND</connector><BooleanRule xsi:type="Absence"><leftOperand>/TransactionInformationAndStatus[*]/ResolvedCase</leftOperand></BooleanRule></mustBe><onCondition><connector>AND</connector><BooleanRule xsi:type="Presence"><leftOperand>/OriginalGroupInformationAndStatus</leftOperand></BooleanRule><BooleanRule xsi:type="Presence"><leftOperand>/OriginalGroupInformationAndStatus/ResolvedCase</leftOperand></BooleanRule><BooleanRule xsi:type="Presence"><leftOperand>/TransactionInformationAndStatus[1]</leftOperand></BooleanRule></onCondition></ComplexRule></RuleDefinition>
OriginalGroupHeader23	_75XFwTEyEe6g-ffJsqGiSA	CancellationStatusReasonInformationRule	<RuleDefinition xmlns:xsi="http://www.w3.org/2001/XMLSchema-instance"><ComplexRule xsi:type="ComplexRule"><mustBe><connector>OR</connector><BooleanRule xsi:type="EqualToValue"><leftOperand>/GroupCancellationStatus</leftOperand><rightOperand>PendingCancellationRequest</rightOperand></BooleanRule><BooleanRule xsi:type="EqualToValue"><leftOperand>/GroupCancellationStatus</leftOperand><rightOperand>RejectedCancellationRequest</rightOperand></BooleanRule></mustBe><onCondition><connector>AND</connector><BooleanRule xsi:type="Presence"><leftOperand>/CancellationStatusReasonInformation[1]</leftOperand></BooleanRule><BooleanRule xsi:type="Presence"><leftOperand>/CancellationStatusReasonInformation[*]/AdditionalInformation[*]</leftOperand></BooleanRule><BooleanRule xsi:type="Presence"><leftOperand>/GroupCancellationStatus</leftOperand></BooleanRule></onCondition></ComplexRule></RuleDefinition>
OriginalPaymentInstruction54	18db279a-fd94-499f-9107-797fc6950155	CancellationStatusReasonInformationRule	<RuleDefinition xmlns:xsi="http://www.w3.org/2001/XMLSchema-instance"><ComplexRule xsi:type="ComplexRule"><mustBe><connector>OR</connector><BooleanRule xsi:type="EqualToValue"><leftOperand>/PaymentInformationCancellationStatus</leftOperand><rightOperand>PendingCancellationRequest</rightOperand></BooleanRule><BooleanRule xsi:type="EqualToValue"><leftOperand>/PaymentInformationCancellationStatus</leftOperand><rightOperand>RejectedCancellationRequest</rightOperand></BooleanRule></mustBe><onCondition><connector>AND</connector><BooleanRule xsi:type="Presence"><leftOperand>/CancellationStatusReasonInformation[1]</leftOperand></BooleanRule><BooleanRule xsi:type="Presence"><leftOperand>/CancellationStatusReasonInformation[*]/AdditionalInformation[*]</leftOperand></BooleanRule><BooleanRule xsi:type="Presence"><leftOperand>/PaymentInformationCancellationStatus</leftOperand></BooleanRule></onCondition></ComplexRule></RuleDefinition>
OriginalPaymentInstruction54	f5341290-88ab-471e-9154-0b729b047a45	PaymentInformationOrTransactionResolvedCaseRule	<RuleDefinition xmlns:xsi="http://www.w3.org/2001/XMLSchema-instance"><ComplexRule xsi:type="ComplexRule"><mustBe><connector>AND</connector><BooleanRule xsi:type="Absence"><leftOperand>/TransactionInformationAndStatus[*]/ResolvedCase</leftOperand></BooleanRule></mustBe><onCondition><connector>AND</connector><BooleanRule xsi:type="Presence"><leftOperand>/ResolvedCase</leftOperand></BooleanRule><BooleanRule xsi:type="Presence"><leftOperand>/TransactionInformationAndStatus[1]</leftOperand></BooleanRule></onCondition></ComplexRule></RuleDefinition>
UnderlyingTransaction37	59cc10f2-3300-4e3c-bb9b-45a65a2f771f	GroupCancellationAndNumberOfTransactionsRule	<RuleDefinition xmlns:xsi="http://www.w3.org/2001/XMLSchema-instance"><ComplexRule xsi:type="ComplexRule"><mustBe><connector>AND</connector><BooleanRule xsi:type="EqualToValue"><leftOperand>/OriginalGroupInformationAndCancellation/NumberOfTransactions</leftOperand><rightOperand>number occurrences TransactionInformation</rightOperand></BooleanRule></mustBe><onCondition><connector>AND</connector><BooleanRule xsi:type="Absence"><leftOperand>/OriginalGroupInformationAndCancellation/GroupCancellation</leftOperand></BooleanRule></onCondition></ComplexRule></RuleDefinition>
UnderlyingTransaction37	be8e3fb6-2ccb-429d-bc22-688926641836	GroupCancellationTrueAndPaymentInformationRule	<RuleDefinition xmlns:xsi="http://www.w3.org/2001/XMLSchema-instance"><ComplexRule xsi:type="ComplexRule"><mustBe><connector>AND</connector><BooleanRule xsi:type="Absence"><leftOperand>/OriginalPaymentInformationAndCancellation[*]</leftOperand></BooleanRule></mustBe><onCondition><connector>AND</connector><BooleanRule xsi:type="Presence"><leftOperand>/OriginalGroupInformationAndCancellation/GroupCancellation</leftOperand></BooleanRule><BooleanRule xsi:type="EqualToValue"><leftOperand>/OriginalGroupInformationAndCancellation/GroupCancellation</leftOperand><rightOperand>true</rightOperand></BooleanRule></onCondition></ComplexRule></RuleDefinition>
UnderlyingTransaction37	eebd4ec7-9735-4930-92e2-abc0268a463c	GroupCancellationFalseAndPaymentInformationRule	<RuleDefinition xmlns:xsi="http://www.w3.org/2001/XMLSchema-instance"><ComplexRule xsi:type="ComplexRule"><mustBe><connector>AND</connector><BooleanRule xsi:type="Presence"><leftOperand>/OriginalPaymentInformationAndCancellation[1]</leftOperand></BooleanRule></mustBe><onCondition><connector>AND</connector><BooleanRule xsi:type="Presence"><leftOperand>/OriginalGroupInformationAndCancellation/GroupCancellation</leftOperand></BooleanRule><BooleanRule xsi:type="EqualToValue"><leftOperand>/OriginalGroupInformationAndCancellation/GroupCancellation</leftOperand><rightOperand>false</rightOperand></BooleanRule></onCondition></ComplexRule></RuleDefinition>
UnderlyingTransaction37	5ca8c637-b444-45e5-b2cf-0216b1b93e3a	GroupOrPaymentInformationCaseRule	<RuleDefinition xmlns:xsi="http://www.w3.org/2001/XMLSchema-instance"><ComplexRule xsi:type="ComplexRule"><mustBe><connector>AND</connector><BooleanRule xsi:type="Absence"><leftOperand>/OriginalPaymentInformationAndCancellation[*]/Case</leftOperand></BooleanRule></mustBe><onCondition><connector>AND</connector><BooleanRule xsi:type="Presence"><leftOperand>/OriginalGroupInformationAndCancellation</leftOperand></BooleanRule><BooleanRule xsi:type="Presence"><leftOperand>/OriginalGroupInformationAndCancellation/Case</leftOperand></BooleanRule><BooleanRule xsi:type="Presence"><leftOperand>/OriginalPaymentInformationAndCancellation[1]</leftOperand></BooleanRule></onCondition></ComplexRule></RuleDefinition>
UnderlyingTransaction37	4254366c-4c5a-4d06-beb7-034bd86c1528	GroupOrTransactionCaseRule	<RuleDefinition xmlns:xsi="http://www.w3.org/2001/XMLSchema-instance"><ComplexRule xsi:type="ComplexRule"><mustBe><connector>AND</connector><BooleanRule xsi:type="Absence"><leftOperand>/OriginalPaymentInformationAndCancellation[*]/TransactionInformation[*]/Case</leftOperand></BooleanRule></mustBe><onCondition><connector>AND</connector><BooleanRule xsi:type="Presence"><leftOperand>/OriginalGroupInformationAndCancellation</leftOperand></BooleanRule><BooleanRule xsi:type="Presence"><leftOperand>/OriginalGroupInformationAndCancellation/Case</leftOperand></BooleanRule><BooleanRule xsi:type="Presence"><leftOperand>/OriginalPaymentInformationAndCancellation[1]</leftOperand></BooleanRule><BooleanRule xsi:type="Presence"><leftOperand>/OriginalPaymentInformationAndCancellation[*]/TransactionInformation[1]</leftOperand></BooleanRule></onCondition></ComplexRule></RuleDefinition>
OriginalPaymentInstruction55	370ed060-641b-4139-b40f-d63f10964fc0	PaymentInformationCancellationTrueAndTransactionInformationRule	<RuleDefinition xmlns:xsi="http://www.w3.org/2001/XMLSchema-instance"><ComplexRule xsi:type="ComplexRule"><mustBe><connector>AND</connector><BooleanRule xsi:type="Absence"><leftOperand>/TransactionInformation[*]</leftOperand></BooleanRule></mustBe><onCondition><connector>AND</connector><BooleanRule xsi:type="Presence"><leftOperand>/PaymentInformationCancellation</leftOperand></BooleanRule><BooleanRule xsi:type="EqualToValue"><leftOperand>/PaymentInformationCancellation</leftOperand><rightOperand>true</rightOperand></BooleanRule></onCondition></ComplexRule></RuleDefinition>
OriginalPaymentInstruction55	ce41f10f-0cf2-4b55-bc45-28f6cb0c3dfe	PaymentInformationCancellationFalseAndTransactionInformationRule	<RuleDefinition xmlns:xsi="http://www.w3.org/2001/XMLSchema-instance"><ComplexRule xsi:type="ComplexRule"><mustBe><connector>AND</connector><BooleanRule xsi:type="Presence"><leftOperand>/TransactionInformation[1]</leftOperand></BooleanRule></mustBe><onCondition><connector>AND</connector><BooleanRule xsi:type="Presence"><leftOperand>/PaymentInformationCancellation</leftOperand></BooleanRule><BooleanRule xsi:type="EqualToValue"><leftOperand>/PaymentInformationCancellation</leftOperand><rightOperand>false</rightOperand></BooleanRule></onCondition></ComplexRule></RuleDefinition>
OriginalPaymentInstruction55	5233b166-554d-458a-846e-de2b0d7801f9	PaymentInformationOrTransactionCaseRule	<RuleDefinition><ComplexRule xmlns:xsi="http://www.w3.org/2001/XMLSchema-instance" xsi:type="ComplexRule"><mustBe><connector>AND</connector><BooleanRule xsi:type="Absence"><leftOperand>/TransactionInformation[*]/Case</leftOperand></BooleanRule></mustBe><onCondition><connector>AND</connector><BooleanRule xsi:type="Presence"><leftOperand>/Case</leftOperand></BooleanRule><BooleanRule xsi:type="Presence"><leftOperand>/TransactionInformation[1]</leftOperand></BooleanRule></onCondition></ComplexRule></RuleDefinition>
BankToCustomerStatementV14	a4a993d3-a747-44ed-8626-59049777ed21	MessageOrStatementPaginationRule	<RuleDefinition><SimpleRule xmlns:xsi="http://www.w3.org/2001/XMLSchema-instance" xsi:type="SimpleRule"><mustBe><connector>OR</connector><BooleanRule xsi:type="Absence"><leftOperand>/GroupHeader/MessagePagination</leftOperand></BooleanRule><BooleanRule xsi:type="Absence"><leftOperand>/Statement[*]/StatementPagination</leftOperand></BooleanRule></mustBe></SimpleRule></RuleDefinition>
BankToCustomerAccountReportV14	6d12eb47-0a6f-4106-ba23-9196698cbb33	MessageOrReportPaginationRule	<RuleDefinition><SimpleRule xmlns:xsi="http://www.w3.org/2001/XMLSchema-instance" xsi:type="SimpleRule"><mustBe><connector>OR</connector><BooleanRule xsi:type="Absence"><leftOperand>/GroupHeader/MessagePagination</leftOperand></BooleanRule><BooleanRule xsi:type="Absence"><leftOperand>/Report[*]/ReportPagination</leftOperand></BooleanRule></mustBe></SimpleRule></RuleDefinition>
BankToCustomerDebitCreditNotificationV14	f359cf43-37c1-4611-9a1e-5809bead20ff	MessageOrNotificationPaginationRule	<RuleDefinition><SimpleRule xmlns:xsi="http://www.w3.org/2001/XMLSchema-instance" xsi:type="SimpleRule"><mustBe><connector>OR</connector><BooleanRule xsi:type="Absence"><leftOperand>/GroupHeader/MessagePagination</leftOperand></BooleanRule><BooleanRule xsi:type="Absence"><leftOperand>/Notification[*]/NotificationPagination</leftOperand></BooleanRule></mustBe></SimpleRule></RuleDefinition>
FIToFIPaymentCancellationRequestV12	4b530c77-74dc-4768-b3e3-780472ad73ae	MessageOrGroupCaseRule	<RuleDefinition xmlns:xsi="http://www.w3.org/2001/XMLSchema-instance"><ComplexRule xsi:type="ComplexRule"><mustBe><connector>AND</connector><BooleanRule xsi:type="Absence"><leftOperand>/Underlying[*]/OriginalGroupInformationAndCancellation/Case</leftOperand></BooleanRule></mustBe><onCondition><connector>AND</connector><BooleanRule xsi:type="Presence"><leftOperand>/Case</leftOperand></BooleanRule><BooleanRule xsi:type="Presence"><leftOperand>/Underlying[1]</leftOperand></BooleanRule><BooleanRule xsi:type="Presence"><leftOperand>/Underlying[1]/OriginalGroupInformationAndCancellation</leftOperand></BooleanRule></onCondition></ComplexRule></RuleDefinition>
FIToFIPaymentCancellationRequestV12	c05fb798-3d52-4ad3-a117-b2a199e14bf5	MessageOrTransactionCaseRule	<RuleDefinition xmlns:xsi="http://www.w3.org/2001/XMLSchema-instance"><ComplexRule xsi:type="ComplexRule"><mustBe><connector>AND</connector><BooleanRule xsi:type="Absence"><leftOperand>/Underlying[*]/TransactionInformation[*]/Case</leftOperand></BooleanRule></mustBe><onCondition><connector>AND</connector><BooleanRule xsi:type="Presence"><leftOperand>/Case</leftOperand></BooleanRule><BooleanRule xsi:type="Presence"><leftOperand>/Underlying[1]</leftOperand></BooleanRule><BooleanRule xsi:type="Presence"><leftOperand>/Underlying[1]/TransactionInformation[1]</leftOperand></BooleanRule></onCondition></ComplexRule></RuleDefinition>
ResolutionOfInvestigationV14	ff3c3bf6-7286-44f2-9204-549181f01823	PartialOrRejectedCancellationRule	<RuleDefinition xmlns:xsi="http://www.w3.org/2001/XMLSchema-instance"><ComplexRule xsi:type="ComplexRule"><mustBe><connector>AND</connector><BooleanRule xsi:type="Presence"><leftOperand>/CancellationDetails[*]</leftOperand></BooleanRule></mustBe><onCondition><connector>AND</connector><BooleanRule xsi:type="Presence"><leftOperand>/Status/Confirmation</leftOperand></BooleanRule><BooleanRule xsi:type="WithInList"><leftOperand>/Status/Confirmation</leftOperand><rightOperand>InvestigationExecutionConfirmation4Code</rightOperand></BooleanRule></onCondition></ComplexRule></RuleDefinition>
ResolutionOfInvestigationV14	73b5e2f0-291c-44b5-82a9-b68a21334614	MessageOrGroupResolvedCaseRule	<RuleDefinition xmlns:xsi="http://www.w3.org/2001/XMLSchema-instance"><ComplexRule xsi:type="ComplexRule"><mustBe><connector>AND</connector><BooleanRule xsi:type="Absence"><leftOperand>/CancellationDetails[1]/OriginalGroupInformationAndStatus/ResolvedCase</leftOperand></BooleanRule></mustBe><onCondition><connector>AND</connector><BooleanRule xsi:type="Presence"><leftOperand>/ResolvedCase</leftOperand></BooleanRule><BooleanRule xsi:type="Presence"><leftOperand>/CancellationDetails[1]</leftOperand></BooleanRule><BooleanRule xsi:type="Presence"><leftOperand>/CancellationDetails[1]/OriginalGroupInformationAndStatus[1]</leftOperand></BooleanRule></onCondition></ComplexRule></RuleDefinition>
ResolutionOfInvestigationV14	e40099da-5a4d-4663-a462-995deaf3f365	MessageOrPaymentInformationResolvedCaseRule	<RuleDefinition xmlns:xsi="http://www.w3.org/2001/XMLSchema-instance"><ComplexRule xsi:type="ComplexRule"><mustBe><connector>AND</connector><BooleanRule xsi:type="Absence"><leftOperand>/CancellationDetails[*]/OriginalPaymentInformationAndStatus[*]/ResolvedCase</leftOperand></BooleanRule></mustBe><onCondition><connector>AND</connector><BooleanRule xsi:type="Presence"><leftOperand>/ResolvedCase</leftOperand></BooleanRule><BooleanRule xsi:type="Presence"><leftOperand>/CancellationDetails[1]</leftOperand></BooleanRule><BooleanRule xsi:type="Presence"><leftOperand>/CancellationDetails[1]/OriginalPaymentInformationAndStatus[1]</leftOperand></BooleanRule></onCondition></ComplexRule></RuleDefinition>
ResolutionOfInvestigationV14	1d0a69c4-6665-43ab-b6ba-130606e49b40	MessageOrInitiationTransactionResolvedCaseRule	<RuleDefinition xmlns:xsi="http://www.w3.org/2001/XMLSchema-instance"><ComplexRule xsi:type="ComplexRule"><mustBe><connector>AND</connector><BooleanRule xsi:type="Absence"><leftOperand>/CancellationDetails[*]/OriginalPaymentInformationAndStatus[*]/TransactionInformationAndStatus[*]/ResolvedCase</leftOperand></BooleanRule></mustBe><onCondition><connector>AND</connector><BooleanRule xsi:type="Presence"><leftOperand>/ResolvedCase</leftOperand></BooleanRule><BooleanRule xsi:type="Presence"><leftOperand>/CancellationDetails[1]</leftOperand></BooleanRule><BooleanRule xsi:type="Presence"><leftOperand>/CancellationDetails[1]/OriginalPaymentInformationAndStatus[*]</leftOperand></BooleanRule><BooleanRule xsi:type="Presence"><leftOperand>/CancellationDetails[1]/OriginalPaymentInformationAndStatus[*]/TransactionInformationAndStatus[*]</leftOperand></BooleanRule></onCondition></ComplexRule></RuleDefinition>
ResolutionOfInvestigationV14	e606a5e0-7241-432a-8c6b-e40ad4443181	MessageOrInterbankTransactionResolvedCaseRule	<RuleDefinition><ComplexRule xmlns:xsi="http://www.w3.org/2001/XMLSchema-instance" xsi:type="ComplexRule"><mustBe><connector>AND</connector><BooleanRule xsi:type="Absence"><leftOperand>/CancellationDetails[*]/TransactionInformationAndStatus[*]/ResolvedCase</leftOperand></BooleanRule></mustBe><onCondition><connector>AND</connector><BooleanRule xsi:type="Presence"><leftOperand>/ResolvedCase</leftOperand></BooleanRule><BooleanRule xsi:type="Presence"><leftOperand>/CancellationDetails[1]</leftOperand></BooleanRule><BooleanRule xsi:type="Presence"><leftOperand>/CancellationDetails[1]/TransactionInformationAndStatus[*]</leftOperand></BooleanRule></onCondition></ComplexRule></RuleDefinition>
CustomerPaymentCancellationRequestV13	b8191605-a7ac-4e1a-b3e8-4ac30744662d	MessageOrGroupCaseRule	<RuleDefinition xmlns:xsi="http://www.w3.org/2001/XMLSchema-instance"><ComplexRule xsi:type="ComplexRule"><mustBe><connector>AND</connector><BooleanRule xsi:type="Absence"><leftOperand>/Underlying[*]/OriginalGroupInformationAndCancellation/Case</leftOperand></BooleanRule></mustBe><onCondition><connector>AND</connector><BooleanRule xsi:type="Presence"><leftOperand>/Case</leftOperand></BooleanRule><BooleanRule xsi:type="Presence"><leftOperand>/Underlying[1]/OriginalGroupInformationAndCancellation</leftOperand></BooleanRule></onCondition></ComplexRule></RuleDefinition>
CustomerPaymentCancellationRequestV13	31ba509a-2a29-4f14-a474-7b1c4a9c3c38	MessageOrPaymentInformationCaseRule	<RuleDefinition xmlns:xsi="http://www.w3.org/2001/XMLSchema-instance"><ComplexRule xsi:type="ComplexRule"><mustBe><connector>AND</connector><BooleanRule xsi:type="Absence"><leftOperand>/Underlying[*]/OriginalPaymentInformationAndCancellation[*]/Case</leftOperand></BooleanRule></mustBe><onCondition><connector>AND</connector><BooleanRule xsi:type="Presence"><leftOperand>/Case</leftOperand></BooleanRule><BooleanRule xsi:type="Presence"><leftOperand>/Underlying[1]/OriginalPaymentInformationAndCancellation[1]</leftOperand></BooleanRule></onCondition></ComplexRule></RuleDefinition>
CustomerPaymentCancellationRequestV13	75e8ac4a-a993-43cc-aa16-ca5e24ca9b6c	MessageOrTransactionCaseRule	<RuleDefinition><ComplexRule xmlns:xsi="http://www.w3.org/2001/XMLSchema-instance" xsi:type="ComplexRule"><mustBe><connector>AND</connector><BooleanRule xsi:type="Absence"><leftOperand>/Underlying[*]/OriginalPaymentInformationAndCancellation[*]/TransactionInformation[*]/Case</leftOperand></BooleanRule></mustBe><onCondition><connector>AND</connector><BooleanRule xsi:type="Presence"><leftOperand>/Case</leftOperand></BooleanRule><BooleanRule xsi:type="Presence"><leftOperand>/Underlying[1]/OriginalPaymentInformationAndCancellation[1]/TransactionInformation[1]</leftOperand></BooleanRule></onCondition></ComplexRule></RuleDefinition>
