# Source: staging universal_lookup(id=a376f506-35bc-4f88-9925-eceabe35beea, showChildDescriptions=true, forceVerbose=true), 2026-10-05. Prose only; the machine-readable `expression` is truncated at 200 chars by the server and is NOT captured.
id	name	text
953b8c6a-870e-446e-8ef6-452a3b36482b	PaymentTypeInformationRule	If PaymentTypeInformation is present, then CreditTransferTransactionInformation/PaymentTypeInformation is not allowed.
81d34984-bb74-43b3-85fd-72c466f253c2	ChequeInstructionRule	If PaymentMethod is different from CHK (Cheque), then CreditTransferTransactionInformation/ChequeInstruction is not allowed.
f6c454e8-8eb7-42f7-88dc-7929f4417c9d	ChargesAccountRule	If ChargesAccountAgent is present, then ChargesAccount must be present.
7a5cf457-bc7a-4054-b19d-d4f9263d67df	ChargesAccountAgentRule	If ChargesAccountAgent is present, then it must contain a branch of the DebtorAgent. It must not contain a completely different agent.
c3d70612-34a4-4804-a8ae-db12c4970f5f	UltimateDebtorGuideline	UltimateDebtor may only be present if different from Debtor.
05328f86-2a57-4247-b133-fcc8aa73dc8e	ChequeInstructionDeliverToDebtorGuideline	If CreditTransferTransactionInformation/ChequeInstruction/DeliveryMethod is present and if CreditTransferTransactionInformation/ChequeInstruction/DeliveryMethod/Code is CRDB (CourierToDebtor), MLDB (MailToDebtor), PUDB (PickUpByDebtor) or RGDB (RegisteredMailToDebtor), then CreditTransferTransactionInformation/ChequeInstruction/DeliverTo may only be present if different from Debtor.
012c331d-1518-4152-8caf-9670f295d8d1	ChequeInstructionDeliverToCreditorGuideline	If PaymentInformation/CreditTransferTransactionInformation/ChequeInstruction/DeliveryMethod is present and is CRCD (CourierToCreditor), MLCD (MailToCreditor), PUCD (PickUpByCreditor) or RGCD (RegisteredMailToCreditor), then CreditTransferTransactionInformation/ChequeInstruction/DeliverTo may only be present if different from CreditTransferTransactionInformation/Creditor.
45bb77ba-1022-42b6-b6de-349edc6b9f22	ChequeInstructionDeliverToCreditorAgentGuideline	If CreditTransferTransactionInformation/ChequeInstruction/DeliveryMethod is present and is CRFA (CourierToFinalAgent), MLFA (MailToFinalAgent), PUFA (PickUpByFinalAgent) or RGFA (RegisteredMailToFinalAgent), then CreditTransferTransactionInformation/ChequeInstruction/DeliverTo may only be present if different from CreditTransferTransactionInformation/Creditor.
ef89455c-1471-4055-a1d4-dae133b9274e	ChequeFromGuideline	CreditTransferTransactionInformation/ChequeInstruction/ChequeFrom may only be present if different from CreditTransferTransactionInformation/UltimateDebtor or Debtor.
f13327d3-4bec-4f99-b924-cb57bbf2a6ec	ChargeBearerRule	If ChargeBearer is present, then CreditTransferTransactionInformation/ChargeBearer is not allowed. If CreditTransferTransactionInformation/ChargeBearer is present, then ChargeBearer is not allowed. CreditTransferTransactionInformation/ChargeBearer and ChargeBearer may both be absent.
7a9159ef-e334-4de4-a295-06f31467673d	UltimateDebtorRule	If UltimateDebtor is present, then CreditTransferTransactionInformation/UltimateDebtor is not allowed. If CreditTransferTransactionInformation/UltimateDebtor is present, then UltimateDebtor is not allowed. CreditTransferTransactionInformation/UltimateDebtor and UltimateDebtor may both be absent.
e7fa7ba4-b302-4395-a51b-2f27ad2fbccd	ChequeAndCreditorAccountRule	If PaymentMethod is CHK (Cheque), then CreditTransferTransactionInformation/CreditorAccount is not allowed.
512b30fa-329d-4db6-835e-861a1edac310	ChequeDeliveryAndCreditorAgentRule	If PaymentMethod is CHK (Cheque) and CreditTransferTransactionInformation/ChequeInstruction/DeliveryMethod/Code is present and is equal to MLFA (MailToFinalAgent), CRFA (CourierToFinalAgent), RGFA (RegisteredMailToFinalAgent) or PUFA (PickUpByFinalAgent), then CreditTransferTransactionInformation/CreditorAgent must be present.
2b0ce8cd-3fb6-47bf-8b01-17fd1ae6471c	ChequeDeliveryAndNoCreditorAgentRule	If PaymentMethod is CHK (Cheque) and CreditTransferTransactionInformation/ChequeInstruction/DeliveryMethod/Code is present and different from MLFA (MailToFinalAgent), CRFA (CourierToFinalAgent), RGFA (RegisteredMailToFinalAgent) or PUFA (PickUpByFinalAgent), then CreditTransferTransactionInformation/CreditorAgent is not allowed.
374a5e44-a1c3-4d49-90b5-93a017d69219	NonChequePaymentMethodRule	If PaymentMethod is different from CHK (Cheque) and CreditTransferTransactionInformation/Creditor is not present, then CreditTransferTransactionInformation/CreditorAccount must be present.
10b96b1e-58a6-487d-bfa9-7178373bbc9c	ChequeNoDeliveryAndNoCreditorAgentRule	If PaymentMethod is CHK (Cheque) and CreditTransferTransactionInformation/ChequeInstruction/DeliveryMethod is not present, then CreditTransferTransactionInformation/CreditorAgent is not allowed.
b59c45d9-6f13-47fd-ab38-3f27939269d5	InstructionForDebtorAgentRule	If InstructionForDebtorAgent is present, then CreditTransferTransactionInformation/InstructionForDebtorAgent is not allowed. If CreditTransferTransactionInformation/InstructionForDebtorAgent is present, then InstructionForDebtorAgent is not allowed. CreditTransferTransactionInformation/InstructionForDebtorAgent and InstructionForDebtorAgent may both be absent.
