id	name	expression
953b8c6a-870e-446e-8ef6-452a3b36482b	PaymentTypeInformationRule	<RuleDefinition xmlns:xsi="http://www.w3.org/2001/XMLSchema-instance"><ComplexRule xsi:type="ComplexRule"><mustBe><connector>AND</connector><BooleanRule xsi:type="Absence"><leftOperand>/CreditTransferTransactionInformation[*]/PaymentTypeInformation</leftOperand></BooleanRule></mustBe><onCondition><connector>AND</connector><BooleanRule xsi:type="Presence"><leftOperand>/PaymentTypeInformation</leftOperand></BooleanRule></onCondition></ComplexRule></RuleDefinition>
81d34984-bb74-43b3-85fd-72c466f253c2	ChequeInstructionRule	<RuleDefinition xmlns:xsi="http://www.w3.org/2001/XMLSchema-instance"><ComplexRule xsi:type="ComplexRule"><mustBe><connector>AND</connector><BooleanRule xsi:type="Absence"><leftOperand>/CreditTransferTransactionInformation[*]/ChequeInstruction</leftOperand></BooleanRule></mustBe><onCondition><connector>AND</connector><BooleanRule xsi:type="Presence"><leftOperand>/PaymentMethod</leftOperand></BooleanRule><BooleanRule xsi:type="DifferentFromValue"><leftOperand>/PaymentMethod</leftOperand><rightOperand>Cheque</rightOperand></BooleanRule></onCondition></ComplexRule></RuleDefinition>
f6c454e8-8eb7-42f7-88dc-7929f4417c9d	ChargesAccountRule	<RuleDefinition xmlns:xsi="http://www.w3.org/2001/XMLSchema-instance"><ComplexRule xsi:type="ComplexRule"><mustBe><connector>AND</connector><BooleanRule xsi:type="Presence"><leftOperand>/ChargesAccount</leftOperand></BooleanRule></mustBe><onCondition><connector>AND</connector><BooleanRule xsi:type="Presence"><leftOperand>/ChargesAccountAgent</leftOperand></BooleanRule></onCondition></ComplexRule></RuleDefinition>
7a5cf457-bc7a-4054-b19d-d4f9263d67df	ChargesAccountAgentRule	<RuleDefinition xmlns:xsi="http://www.w3.org/2001/XMLSchema-instance"><ComplexRule xsi:type="ComplexRule"><mustBe><connector>AND</connector><BooleanRule xsi:type="EqualToValue"><leftOperand>/ChargesAccountAgent/FinancialInstitutionIdentification/Name</leftOperand><rightOperand>Branch of DebtorAgent</rightOperand></BooleanRule></mustBe><onCondition><connector>AND</connector><BooleanRule xsi:type="Presence"><leftOperand>/ChargesAccountAgent</leftOperand></BooleanRule></onCondition></ComplexRule></RuleDefinition>
c3d70612-34a4-4804-a8ae-db12c4970f5f	UltimateDebtorGuideline	
05328f86-2a57-4247-b133-fcc8aa73dc8e	ChequeInstructionDeliverToDebtorGuideline	
012c331d-1518-4152-8caf-9670f295d8d1	ChequeInstructionDeliverToCreditorGuideline	
45bb77ba-1022-42b6-b6de-349edc6b9f22	ChequeInstructionDeliverToCreditorAgentGuideline	
ef89455c-1471-4055-a1d4-dae133b9274e	ChequeFromGuideline	
f13327d3-4bec-4f99-b924-cb57bbf2a6ec	ChargeBearerRule	<RuleDefinition xmlns:xsi="http://www.w3.org/2001/XMLSchema-instance"><SimpleRule xsi:type="SimpleRule"><mustBe><connector>OR</connector><BooleanRule xsi:type="Absence"><leftOperand>/ChargeBearer</leftOperand></BooleanRule><BooleanRule xsi:type="Absence"><leftOperand>/CreditTransferTransactionInformation[*]/ChargeBearer</leftOperand></BooleanRule></mustBe></SimpleRule></RuleDefinition>
7a9159ef-e334-4de4-a295-06f31467673d	UltimateDebtorRule	<RuleDefinition xmlns:xsi="http://www.w3.org/2001/XMLSchema-instance"><SimpleRule xsi:type="SimpleRule"><mustBe><connector>OR</connector><BooleanRule xsi:type="Absence"><leftOperand>/UltimateDebtor</leftOperand></BooleanRule><BooleanRule xsi:type="Absence"><leftOperand>/CreditTransferTransactionInformation[*]/UltimateDebtor</leftOperand></BooleanRule></mustBe></SimpleRule></RuleDefinition>
e7fa7ba4-b302-4395-a51b-2f27ad2fbccd	ChequeAndCreditorAccountRule	<RuleDefinition xmlns:xsi="http://www.w3.org/2001/XMLSchema-instance"><ComplexRule xsi:type="ComplexRule"><mustBe><connector>AND</connector><BooleanRule xsi:type="Absence"><leftOperand>/CreditTransferTransactionInformation[*]/CreditorAccount</leftOperand></BooleanRule></mustBe><onCondition><connector>AND</connector><BooleanRule xsi:type="EqualToValue"><leftOperand>/PaymentMethod</leftOperand><rightOperand>Cheque</rightOperand></BooleanRule></onCondition></ComplexRule></RuleDefinition>
512b30fa-329d-4db6-835e-861a1edac310	ChequeDeliveryAndCreditorAgentRule	<RuleDefinition xmlns:xsi="http://www.w3.org/2001/XMLSchema-instance"><ComplexRule xsi:type="ComplexRule"><mustBe><connector>AND</connector><BooleanRule xsi:type="Presence"><leftOperand>/CreditTransferTransactionInformation[*]/CreditorAgent</leftOperand></BooleanRule></mustBe><onCondition><connector>AND</connector><BooleanRule xsi:type="EqualToValue"><leftOperand>/PaymentMethod</leftOperand><rightOperand>Cheque</rightOperand></BooleanRule><BooleanRule xsi:type="Presence"><leftOperand>/CreditTransferTransactionInformation[*]/ChequeInstruction</leftOperand></BooleanRule><BooleanRule xsi:type="Presence"><leftOperand>/CreditTransferTransactionInformation[*]/ChequeInstruction/DeliveryMethod</leftOperand></BooleanRule><BooleanRule xsi:type="Presence"><leftOperand>/CreditTransferTransactionInformation[*]/ChequeInstruction/DeliveryMethod/Code</leftOperand></BooleanRule><BooleanRule xsi:type="WithInList"><leftOperand>/CreditTransferTransactionInformation[*]/ChequeInstruction/DeliveryMethod/Code</leftOperand><rightOperand>ChequeDelivery2Code</rightOperand></BooleanRule></onCondition></ComplexRule></RuleDefinition>
2b0ce8cd-3fb6-47bf-8b01-17fd1ae6471c	ChequeDeliveryAndNoCreditorAgentRule	<RuleDefinition xmlns:xsi="http://www.w3.org/2001/XMLSchema-instance"><ComplexRule xsi:type="ComplexRule"><mustBe><connector>AND</connector><BooleanRule xsi:type="Absence"><leftOperand>/CreditTransferTransactionInformation[*]/CreditorAgent</leftOperand></BooleanRule></mustBe><onCondition><connector>AND</connector><BooleanRule xsi:type="EqualToValue"><leftOperand>/PaymentMethod</leftOperand><rightOperand>Cheque</rightOperand></BooleanRule><BooleanRule xsi:type="Presence"><leftOperand>/CreditTransferTransactionInformation[*]/ChequeInstruction</leftOperand></BooleanRule><BooleanRule xsi:type="Presence"><leftOperand>/CreditTransferTransactionInformation[*]/ChequeInstruction/DeliveryMethod</leftOperand></BooleanRule><BooleanRule xsi:type="Presence"><leftOperand>/CreditTransferTransactionInformation[*]/ChequeInstruction/DeliveryMethod/Code</leftOperand></BooleanRule><BooleanRule xsi:type="NotWithInList"><leftOperand>/CreditTransferTransactionInformation[*]/ChequeInstruction/DeliveryMethod/Code</leftOperand><rightOperand>ChequeDelivery2Code</rightOperand></BooleanRule></onCondition></ComplexRule></RuleDefinition>
374a5e44-a1c3-4d49-90b5-93a017d69219	NonChequePaymentMethodRule	<RuleDefinition xmlns:xsi="http://www.w3.org/2001/XMLSchema-instance"><ComplexRule xsi:type="ComplexRule"><mustBe><connector>AND</connector><BooleanRule xsi:type="Presence"><leftOperand>/CreditTransferTransactionInformation[*]/CreditorAccount</leftOperand></BooleanRule></mustBe><onCondition><connector>AND</connector><BooleanRule xsi:type="DifferentFromValue"><leftOperand>/PaymentMethod</leftOperand><rightOperand>Cheque</rightOperand></BooleanRule><BooleanRule xsi:type="Absence"><leftOperand>/CreditTransferTransactionInformation[*]/Creditor</leftOperand></BooleanRule></onCondition></ComplexRule></RuleDefinition>
10b96b1e-58a6-487d-bfa9-7178373bbc9c	ChequeNoDeliveryAndNoCreditorAgentRule	<RuleDefinition xmlns:xsi="http://www.w3.org/2001/XMLSchema-instance"><ComplexRule xsi:type="ComplexRule"><mustBe><connector>AND</connector><BooleanRule xsi:type="Absence"><leftOperand>/CreditTransferTransactionInformation[*]/CreditorAgent</leftOperand></BooleanRule></mustBe><onCondition><connector>AND</connector><BooleanRule xsi:type="EqualToValue"><leftOperand>/PaymentMethod</leftOperand><rightOperand>Cheque</rightOperand></BooleanRule><BooleanRule xsi:type="Presence"><leftOperand>/CreditTransferTransactionInformation[*]/ChequeInstruction</leftOperand></BooleanRule><BooleanRule xsi:type="Absence"><leftOperand>/CreditTransferTransactionInformation[*]/ChequeInstruction/DeliveryMethod</leftOperand></BooleanRule></onCondition></ComplexRule></RuleDefinition>
b59c45d9-6f13-47fd-ab38-3f27939269d5	InstructionForDebtorAgentRule	<RuleDefinition><SimpleRule xmlns:xsi="http://www.w3.org/2001/XMLSchema-instance" xsi:type="SimpleRule"><mustBe><connector>OR</connector><BooleanRule xsi:type="Absence"><leftOperand>/InstructionForDebtorAgent</leftOperand></BooleanRule><BooleanRule xsi:type="Absence"><leftOperand>/CreditTransferTransactionInformation[*]/InstructionForDebtorAgent</leftOperand></BooleanRule></mustBe></SimpleRule></RuleDefinition>
