codeSet	code	enumName	isoId	text
ClearingChannel2Code	BOOK	BookTransfer	_a_OEp9p-Ed-ak6NoX_4Aeg_1524547392	Payment through internal book transfer.
ClearingChannel2Code	MPNS	MassPaymentNetSystem	_a_OEptp-Ed-ak6NoX_4Aeg_1501460309	Clearing channel is a mass payment net settlement system.
ClearingChannel2Code	RTGS	RealTimeGrossSettlementSystem	_a_OEpNp-Ed-ak6NoX_4Aeg_1501459782	Clearing channel is a real-time gross settlement system.
ClearingChannel2Code	RTNS	RealTimeNetSettlementSystem	_a_OEpdp-Ed-ak6NoX_4Aeg_1501460232	Clearing channel is a real-time net settlement system.
PaymentMethod4Code	CHK	Cheque	_Z0kPYtp-Ed-ak6NoX_4Aeg_-2121115778	Written order to a bank to pay a certain amount of money from one person to another person.
PaymentMethod4Code	DD	DirectDebit	_Z0kPZNp-Ed-ak6NoX_4Aeg_-2121115346	Collection of an amount of money from the debtor's bank account by the creditor. The amount of money and dates of collections may vary.
PaymentMethod4Code	TRA	TransferAdvice	_Z0kPZdp-Ed-ak6NoX_4Aeg_-2121115311	Transfer of an amount of money in the books of the account servicer. An advice should be sent back to the account owner.
PaymentMethod4Code	TRF	CreditTransfer	_Z0kPY9p-Ed-ak6NoX_4Aeg_-2121115388	Transfer of an amount of money in the books of the account servicer.
SequenceType3Code	FNAL	Final	_t99_IVkyEeGeoaLUQk__nA_-1801335368	Final collection of a series of direct debit instructions.
SequenceType3Code	FRST	First	_t90OJFkyEeGeoaLUQk__nA_908612180	First collection of a series of direct debit instructions.
SequenceType3Code	OOFF	OneOff	_t99_IlkyEeGeoaLUQk__nA_1948646475	Direct debit instruction where the debtor's authorisation is used to initiate one single direct debit transaction.
SequenceType3Code	RCUR	Recurring	_t99_IFkyEeGeoaLUQk__nA_1026483165	Direct debit instruction where the debtor's authorisation is used for regular direct debit transactions initiated by the creditor.
SequenceType3Code	RPRE	Represented	_t99_I1kyEeGeoaLUQk__nA_-1832965217	Collection used to re-present previously reversed or returned direct debit transactions.
SettlementMethod1Code	CLRG	ClearingSystem	_ZMCPxdp-Ed-ak6NoX_4Aeg_569985423	Settlement is done through a payment clearing system.
SettlementMethod1Code	COVE	CoverMethod	_ZMCPxNp-Ed-ak6NoX_4Aeg_546899109	Settlement is done through a cover payment.
SettlementMethod1Code	INDA	InstructedAgent	_ZMCPwtp-Ed-ak6NoX_4Aeg_301241605	Settlement is done by the agent instructed to execute a payment instruction.
SettlementMethod1Code	INGA	InstructingAgent	_ZMCPw9p-Ed-ak6NoX_4Aeg_543203158	Settlement is done by the agent instructing and forwarding the payment to the next party in the payment chain.
