scope	id	name	text
CustomerPaymentStatusReportV15	9c1efa66-83a6-4806-9846-1cf888f3ecec	GroupStatusAcceptedRule	If OriginalGroupInformationAndStatus/GroupStatus is present and is equal to ACTC (AcceptedTechnicalValidation), ACCP (AcceptedCustomerProfile), ACSP (AcceptedSettlementInProcess), ACSC (AcceptedSettlementCompleted) or ACWC (AcceptedWithChange), then OriginalPaymentInformationAndStatus/PaymentInformationStatus must be different from RJCT (Rejected).
CustomerPaymentStatusReportV15	85856e51-51ca-460e-abc4-868ebbe80e0a	GroupStatusPendingRule	If OriginalGroupInformationAndStatus/GroupStatus is present and is equal to PDNG (Pending), then OriginalPaymentInformationAndStatus/PaymentInformationStatus must be different from RJCT (Rejected).
CustomerPaymentStatusReportV15	30aeaa1b-02ac-411b-890d-bfbe815c69ae	GroupStatusRejectedRule	If OriginalGroupInformationAndStatus/GroupStatus is present and is equal to RJCT (Rejected), then OriginalPaymentInformationAndStatus/PaymentInformationStatus, if present, must be equal to RJCT (Rejected).
CustomerPaymentStatusReportV15	54677de5-564f-47e9-a9e3-9b834e296092	GroupStatusReceivedRule	If OriginalGroupInformationAndStatus/GroupStatus is present and is equal to RCVD (Received), then OriginalPaymentInformationAndStatus/PaymentInformationStatus is not allowed.
CustomerPaymentStatusReportV15	dc431f9d-b7e5-4f15-a0f6-5bfbf1bdd95e	SupplementaryDataRule	The SupplementaryData building block at message level must not be used to provide additional information about a transaction. The SupplementaryData element at transaction level should be used for that purpose.
OriginalGroupHeader22	_4smO0TEyEe6g-ffJsqGiSA	StatusReasonInformationRule	If GroupStatus is present and is different from RJCT or PDNG then StatusReasonInformation/AdditionalInformation must be absent.
OriginalGroupHeader22	_4smO0zEyEe6g-ffJsqGiSA	NumberOfTransactionPerStatusGuideline	OriginalGroupInformationAndStatus/NumberOfTransactionsPerStatus should only be present if GroupStatus equals 'PART'.
OriginalPaymentInstruction56	ccb10d3a-d709-4f54-97b1-7e332a4fe7d9	PaymentInformationStatusAcceptedRule	If PaymentInformationStatus is present and is equal to ACTC (AcceptedTechnicalValidation), ACCP (AcceptedCustomerProfile), ACSP (AcceptedSettlementInProcess), ACSC (AcceptedSettlementCompleted) or ACWC (AcceptedWithChange), then TransactionInformationAndStatus/TransactionStatus must be different from RJCT (Rejected).
OriginalPaymentInstruction56	79942120-063f-4ded-8ecf-8f8162c78a50	PaymentInformationStatusPendingRule	If OriginalPaymentInformationAndStatus/PaymentInformationStatus is present and is equal to PDNG (Pending), then TransactionInformationAndStatus/TransactionStatus must be different from RJCT (Rejected).
OriginalPaymentInstruction56	c9e26518-ce60-4924-bbf8-3d2e969f7b44	PaymentInformationStatusRejectedRule	If OriginalPaymentInformationAndStatus/PaymentInformationStatus is present and is equal to RJCT (Rejceted), then TransactionInformationAndStatus/TransactionStatus, if present, must be equal to RJCT (Rejected).
OriginalPaymentInstruction56	9bf6991f-df93-4f3f-a2ef-765fca0ee9be	PaymentInformationStatusReceivedRule	If OriginalPaymentInformationAndStatus/PaymentInformationStatus is present and is equal to RCVD (Received), then TransactionInformationAndStatus/TransactionStatus is not allowed.
StatusReasonInformation14	_xRyqITEyEe6g-ffJsqGiSA	StatusReasonRule	If Reason/Code is equal to NARR, then AddititionalInformation must be present.
SettlementInstruction15	_wHZ6oTEyEe6g-ffJsqGiSA	ThirdReimbursementAgentRule	If ThirdReimbursementAgent is present, then InstructingReimbursementAgent and InstructedReimbursementAgent must both be present.
SettlementInstruction15	_wHZ6ozEyEe6g-ffJsqGiSA	SettlementMethodAgentRule	If SettlementMethod is equal to INDA or INGA, then ReimbursementAgent(s) and ClearingSystem are not allowed.
SettlementInstruction15	_wHZ6pTEyEe6g-ffJsqGiSA	SettlementMethodCoverRule	If SettlementMethod is equal to COVE, then SettlementAccount and ClearingSystem are not allowed.
SettlementInstruction15	_wHZ6pzEyEe6g-ffJsqGiSA	SettlementMethodCoverAgentRule	If SettlementMethod is equal to COVE, then InstructedReimbursementAgent or InstructingReimbursementAgent must be present.
SettlementInstruction15	_wHZ6qTEyEe6g-ffJsqGiSA	SettlementMethodClearingRule	If SettlementMethod is equal to CLRG, then SettlementAccount and ReimbursementAgent(s) are not allowed.
SettlementInstruction15	_wHZ6qzEyEe6g-ffJsqGiSA	InstructingReimbursementAgentAccountRule	If InstructingReimbursementAgentAccount is present, then InstructingReimbursementAgent must be present.
SettlementInstruction15	_wHZ6rTEyEe6g-ffJsqGiSA	InstructedReimbursementAgentAccountRule	If InstructedReimbursementAgentAccount is present, then InstructedReimbursementAgent must be present.
SettlementInstruction15	_wHZ6rzEyEe6g-ffJsqGiSA	ThirdReimbursementAgentAccountRule	If ThirdReimbursementAgentAccount is present, then ThirdReimbursementAgent must be present.
MandateRelatedInformation16	_wL-RkTEyEe6g-ffJsqGiSA	AmendmentIndicatorTrueRule	If AmendmentIndicator is true, then AmendmentInformationDetails must be present.
MandateRelatedInformation16	_wL-RkzEyEe6g-ffJsqGiSA	AmendmentIndicatorFalseRule	If AmendmentIndicator is false, then AmendmentInformationDetails is not allowed.
