name	isoId	xsiType	pattern	minLength	maxLength	totalDigits	fractionDigits	minInclusive	maxInclusive	other
Max140Binary	_TQbTwgEcEeCQm6a_G2yO_w_-323033513	Binary		1	140					
Max35Binary	_TQbTxQEcEeCQm6a_G2yO_w_-1886160012	Binary		1	35					
Max3NumericText	_YYU649p-Ed-ak6NoX_4Aeg_-996165274	Text	[0-9]{1,3}							
Max6Text	_YYxm2dp-Ed-ak6NoX_4Aeg_-1496274846	Text		1	6					
Min2Max3AlphaText	_4qROcGeeEeSh-d9-KfCEyA	Text	[a-zA-Z]{2,3}							
Max500Binary	_TQbTygEcEeCQm6a_G2yO_w_-1786895632	Binary		1	500					
Max100KBinary	_TQRizgEcEeCQm6a_G2yO_w_-1416376531	Binary		1	102400					
Min5Max16Binary	_TQlExAEcEeCQm6a_G2yO_w_-1295689418	Binary		5	16					
Max5000Binary	_TQbTyQEcEeCQm6a_G2yO_w_-655974114	Binary		1	5000					
Max3000Binary	_TQbTxAEcEeCQm6a_G2yO_w_-1337763333	Binary		1	3000					
Max3Text	_YXvFAdp-Ed-ak6NoX_4Aeg_-656222239	Text		1	3					
Exact3AlphaNumericText	_JvIpsGjIEeSHBr6v3XO0Mg	Text	[a-zA-Z0-9]{3}							
Min2Max3NumericText	_TQlEwQEcEeCQm6a_G2yO_w_-309720755	Text	[0-9]{2,3}							
Max10DateText	_YiAxELY6Ee-wjpoShWc5lw	Text	([0-9]{4,4}-[0-9]{2,2}-[0-9]{2,2})|([0-9]{2,2}-[0-9]{2,2})|([0-9]{4,4}-[0-9]{2,2})							
Min8Max28NumericText	_TQlExgEcEeCQm6a_G2yO_w_368244070	Text	[0-9]{8,28}							
Max76Text	_2GeUMI0TEeWRYffwL7E13A	Text		1	76					
Max37Text	__xN7MI0TEeWRYffwL7E13A	Text		1	37					
Max104Text	_F7gTMI0UEeWRYffwL7E13A	Text		1	104					
Max500Text	_YY7X0Np-Ed-ak6NoX_4Aeg_-1502136823	Text		1	500					
Max2000Text	_YYn11dp-Ed-ak6NoX_4Aeg_2132907481	Text		1	2000					
CurrencyAndAmount	_YXSZF9p-Ed-ak6NoX_4Aeg_-1352517078	Amount				18	5	0		currencyIdentifierSet=CurrencyCode (_bUhmRdp-Ed-ak6NoX_4Aeg_-1745414039); constraint CurrencyAmount; used as complex-type Amount kind
ImpliedCurrencyAndAmount	_YXbjBNp-Ed-ak6NoX_4Aeg_-1934687468	Amount				18	5	0		currency implied (no currency attribute)
