type	tags
AcceptanceResult6	Accptd,RjctRsn,AddtlRjctRsnInf
AccountIdentification4Choice	IBAN,Othr
AccountInterest4	Tp,Rate,FrToDt,Rsn,Tax
AccountNotification25	Id,NtfctnPgntn,ElctrncSeqNb,RptgSeq,LglSeqNb,CreDtTm,FrToDt,CpyDplctInd,RptgSrc,Acct,RltdAcct,Intrst,TxsSummry,Ntry,AddtlNtfctnInf
AccountReport38	Id,RptPgntn,ElctrncSeqNb,RptgSeq,LglSeqNb,CreDtTm,FrToDt,CpyDplctInd,RptgSrc,Acct,RltdAcct,Intrst,Bal,TxsSummry,Ntry,AddtlRptInf
AccountSchemeName1Choice	Cd,Prtry
AccountStatement15	Id,StmtPgntn,ElctrncSeqNb,RptgSeq,LglSeqNb,CreDtTm,FrToDt,CpyDplctInd,RptgSrc,Acct,RltdAcct,Intrst,Bal,TxsSummry,Ntry,AddtlStmtInf
Acquirer7	AcqrgInstn,Brnch
Acquirer8	Id,ApplVrsn
ActiveOrHistoricCurrencyAndAmountRange2	Amt,CdtDbtInd,Ccy
AdditionalDateTime1	AccptncDtTm,PoolgAdjstmntDt,XpryDtTm
AddressType3Choice	Cd,Prtry
AdviceType1	CdtAdvc,DbtAdvc
AdviceType1Choice	Cd,Prtry
AlgorithmIdentification11	Algo,Param
AlgorithmIdentification12	Algo,Param
AlgorithmIdentification13	Algo,Param
AlgorithmIdentification14	Algo,Param
AlgorithmIdentification15	Algo,Param
AlgorithmIdentification16	Algo
AlgorithmIdentification17	Algo,Param
AmendmentInformationDetails15	OrgnlMndtId,OrgnlCdtrSchmeId,OrgnlCdtrAgt,OrgnlCdtrAgtAcct,OrgnlDbtr,OrgnlDbtrAcct,OrgnlDbtrAgt,OrgnlDbtrAgtAcct,OrgnlFnlColltnDt,OrgnlFrqcy,OrgnlRsn,OrgnlTrckgDays
AmountAndCurrencyExchange4	InstdAmt,TxAmt,CntrValAmt,AnncdPstngAmt,PrtryAmt
AmountAndCurrencyExchangeDetails5	Amt,CcyXchg
AmountAndCurrencyExchangeDetails6	Tp,Amt,CcyXchg
AmountAndDirection35	Amt,CdtDbtInd
AmountAndDirection5	Amt,CdtDbt
AmountOrRate1Choice	Amt,Rate
AmountRangeBoundary1	BdryAmt,Incl
AmountType4Choice	InstdAmt,EqvtAmt
ATMCassette3	PhysId,LogclId,SrlNb,Tp,SubTp,MdiaTp,MdiaCntrs,CssttSts
ATMCassetteCounters5	Tp,AddedNb,RmvdNb,RmvdAmt,DspnsdNb,DpstdNb,DpstdAmt,RcycldNb,RtrctdNb,RtrctdAmt,RjctdNb,PresntdNb,InitlNb,InitlAmt
ATMCassetteCounters6	UnitVal,Ccy,MdiaCtgy,InitlCnt,CurNb,CurAmt,FlowTtls
ATMCommand14	Tp,Urgcy,DtTm,CmdId,Rsn,TracRsn,AddtlRsnInf,CmdParams
ATMCommand15	Tp,ReqrdDtTm,PrcdDtTm,CmdId,Rslt,AddtlErrInf
ATMCommand16	Tp,CmdId
ATMCommand17	Tp,Urgcy,DtTm,CmdId,CmdParams
ATMCommand7	Tp,Urgcy,DtTm,CmdId,CmdParams
ATMCommand8	Tp,ReqrdDtTm,PrcdDtTm,CmdId,Rslt,AddtlErrInf
ATMCommand9	Tp,CmdId
ATMCommandIdentification1	Orgn,Ref,Prcr
ATMCommandParameters1	SrlNb,ReqrdCfgtn,ReqrdSts
ATMCommandParameters1Choice	ATMReqrdGblSts,XpctdMsgFctn,ReqrdCfgtnParam
ATMCommandParameters3Choice	ATMReqrdGblSts,XpctdMsgFctn,ReqrdCfgtnParam,ReqrdSctySchme,SctyDvc,Key
ATMConfigurationControlComponent1	Envt,CfgtnVrsn,ActnReqrd,Prprty,ActvtnDt
ATMConfigurationControlV01	Hdr,PrtctdATMCfgtnCtrl,ATMCfgtnCtrl,SctyTrlr
ATMConfigurationParameter1	Tp,Vrsn
ATMConfigurationParameter2	KeyCtgy,HstChllng,Cert,KeyProps
ATMConfigurationReportComponent1	Envt,ActvVrsn,NonActvVrsn
ATMConfigurationReportV01	Hdr,PrtctdATMCfgtnRpt,ATMCfgtnRpt,SctyTrlr
ATMContext25	SsnRef,Svc
ATMCustomer7	Prfl,SelctdLang,AuthntcnRslt
ATMCustomerProfile6	RtrvlMd,PrflRef,CstmrId,PrefrdLang
ATMDeviceControl3	Envt,Cmd
ATMDeviceControlV04	Hdr,PrtctdATMDvcCtrl,ATMDvcCtrl,SctyTrlr
ATMDeviceReport5	Envt,ATMGblSts,CmdRslt,CmdCntxt,ATMSctyCntxt
ATMDeviceReportV05	Hdr,PrtctdATMDvcRpt,ATMDvcRpt,SctyTrlr
ATMDiagnosticRequest3	Envt,ATMGblSts
ATMDiagnosticRequestV03	Hdr,PrtctdATMDgnstcReq,ATMDgnstcReq,SctyTrlr
ATMDiagnosticResponse2	Envt,Cmd
ATMDiagnosticResponseV02	Hdr,PrtctdATMDgnstcRspn,ATMDgnstcRspn,SctyTrlr
ATMEnvironment15	Acqrr,ATMMgrId,HstgNtty,ATM
ATMEnvironment20	Acqrr,ATMMgrId,HstgNtty,ATM,Cstmr,Card
ATMEnvironment22	Acqrr,ATMMgrId,HstgNtty,ATM,Card
ATMEnvironment6	Acqrr,ATMMgrId,HstgNtty,ATM
ATMEnvironment7	Acqrr,ATMMgr,HstgNtty,ATM
ATMEnvironment9	Acqrr,ATMMgrId,ATM
ATMEquipment1	Manfctr,Mdl,SrlNb,ApplPrvdr,ApplNm,ApplVrsn,ApprvlNb,CfgtnParam
ATMEquipment2	Manfctr,Mdl,Vrsn,SrlNb,FrmwrPrvdr,FrmwrId,FrmwrVrsn
ATMEquipment3	Manfctr,Mdl,Vrsn,SrlNb,SgndSrlNb,FrmwrPrvdr,FrmwrId,FrmwrVrsn
ATMExceptionAcknowledgement2	ATM,Cntxt,Tx
ATMExceptionAcknowledgementV02	Hdr,PrtctdATMXcptnAck,ATMXcptnAck,SctyTrlr
ATMExceptionAdvice2	Envt,Cntxt,Tx
ATMExceptionAdviceV02	Hdr,PrtctdATMXcptnAdvc,ATMXcptnAdvc,SctyTrlr
ATMKeyDownloadRequest6	Envt,CmdRslt,CmdCntxt,ATMSctyCntxt,ATMSctyParams,HstChllng
ATMKeyDownloadRequestV05	Hdr,PrtctdATMKeyDwnldReq,ATMKeyDwnldReq,SctyTrlr
ATMKeyDownloadResponse6	Envt,ATMSctyCntxt,ATMChllng,HstSctyParams,Cmd
ATMKeyDownloadResponseV05	Hdr,PrtctdATMKeyDwnldRspn,ATMKeyDwnldRspn,SctyTrlr
ATMMessageFunction1	Fctn,ATMSvcCd,HstSvcCd
ATMMessageFunction2	Fctn,ATMSvcCd,HstSvcCd
ATMPropertyComponent1	PrprtyNm,PrprtyTp,PrprtyVal
ATMReconciliationAcknowledgement3	ATM,Tx
ATMReconciliationAcknowledgementV03	Hdr,PrtctdATMRcncltnAck,ATMRcncltnAck,SctyTrlr
ATMReconciliationAdvice3	Envt,CmdRslt,CmdCntxt,Tx
ATMReconciliationAdviceV03	Hdr,PrtctdATMRcncltnAdvc,ATMRcncltnAdvc,SctyTrlr
ATMReconciliationOperation1	TpOfOpr,TxId,RcncltnId,ATMTtls,Csstt,TxTtls,RtndCard,AddtlTxInf,Incdnt
ATMReconciliationRequestComponent1	Envt,Tx
ATMReconciliationRequestV01	Hdr,PrtctdATMRcncltnReq,ATMRcncltnReq,SctyTrlr
ATMReconciliationResponseV01	Hdr,PrtctdATMRcncltnRspn,ATMRcncltnRspn,SctyTrlr
ATMSecurityConfiguration1	Keys,Ncrptn,MACAlgo,DgstAlgo,DgtlSgntr,PIN,MsgPrtcn
ATMSecurityConfiguration2	MaxSmmtrcKey,MaxAsmmtrcKey,MaxRSAKeyLngth,MaxRootKeyLngth
ATMSecurityConfiguration3	AsmmtrcNcrptn,AsmmtrcKeyStdId,AsmmtrcNcrptnAlgo,SmmtrcTrnsprtKey,SmmtrcTrnsprtKeyAlgo,SmmtrcNcrptnAlgo,NcrptnFrmt
ATMSecurityConfiguration4	MaxCerts,MaxSgntrs,DgtlSgntrAlgo
ATMSecurityConfiguration5	PINFrmt,PINLngthCpblties
ATMSecurityContext3	CurSctySchme,DvcPrprty,CurCfgtn
ATMSecurityContext6	CurSctySchme,SctySchmeCpblties,SctyDvc,Key,HstChllng
ATMSecurityDevice2	DvcPrprty,CurCfgtn,SpprtdCfgtn,CurSts,Incdnt,BndgStat
ATMService27	SvcRef,ATMSvcCd,HstSvcCd,SvcTp,SvcVarntId
ATMSignature3Choice	DgtlSgntr,TRRltdData
ATMStatus2	CurSts,CurStsRsn,DmnddSts
ATMTotals3	Id,AddtlId,Prd,Ccy,Cnt,Amt
ATMTotals4	MdiaTp,Ccy,ATMBal,ATMCur,ATMBalNb,ATMCurNb
ATMTransaction30	TpOfOpr,TxId,RcncltnId,Csstt
ATMTransaction36	RcncltnOpr
ATMTransaction40	TxId,RcncltnId,Xcptn,XcptnDtl,ElctrncPrsBal
ATMTransaction41	TxId,Rspn,Cmd
ATMTransaction52	TpOfOpr,TxId,RcncltnId,TxRspn,ATMTtls,Csstt,Cmd
ATMVersionReport1	CfgtnVrsn,CfgtnSts,FailRsn
AuthenticatedData4	Vrsn,Rcpt,MACAlgo,NcpsltdCntt,MAC
AuthenticationChannel1Choice	Cd,Prtry
Authorisation1Choice	Cd,Prtry
AutomatedTellerMachine12	Id,AddtlId,SeqNb,BaseCcy,Lctn,LctnCtgy,Cpblties,Eqpmnt
AutomatedTellerMachine3	Id,AddtlId,SeqNb,Lctn
AutomatedTellerMachine5	Id,AddtlId,SeqNb,BaseCcy,Lctn,LctnCtgy,Eqpmnt,OutOfSvcDvc,MsgPrtcn
AutomatedTellerMachine6	Id,AddtlId,SeqNb,Lctn,LctnCtgy,Eqpmnt
AutomatedTellerMachine7	Id,AddtlId,SeqNb
AutomatedTellerMachine8	Id,AddtlId,SeqNb,BaseCcy,Lctn,LctnCtgy,Eqpmnt
BalanceSubType1Choice	Cd,Prtry
BalanceType10Choice	Cd,Prtry
BalanceType13	CdOrPrtry,SubTp
BankToCustomerAccountReportV14	GrpHdr,Rpt,SplmtryData
BankToCustomerDebitCreditNotificationV14	GrpHdr,Ntfctn,SplmtryData
BankToCustomerStatementV14	GrpHdr,Stmt,SplmtryData
BankTransactionCodeStructure4	Domn,Prtry
BankTransactionCodeStructure5	Cd,Fmly
BankTransactionCodeStructure6	Cd,SubFmlyCd
BatchInformation2	MsgId,PmtInfId,NbOfTxs,TtlAmt,CdtDbtInd
BranchAndFinancialInstitutionIdentification8	FinInstnId,BrnchId
BranchData5	Id,LEI,Nm,PstlAdr
CancellationReason33Choice	Cd,Prtry
CancellationStatusReason3Choice	Cd,Prtry
CancellationStatusReason5	Orgtr,Rsn,AddtlInf
CardAggregated2	AddtlSvc,TxCtgy,SaleRcncltnId,SeqNbRg,TxDtRg
CardEntry5	Card,POI,AggtdNtry,PrePdAcct
CardholderAuthentication2	AuthntcnMtd,AuthntcnNtty
CardIndividualTransaction2	ICCRltdData,PmtCntxt,AddtlSvc,TxCtgy,SaleRcncltnId,SaleRefNb,RePresntmntRsn,SeqNb,TxId,Pdct,VldtnDt,VldtnSeqNb
CardSecurityInformation1	CSCMgmt,CSCVal
CardSequenceNumberRange1	FrstTx,LastTx
CardTransaction18	Card,POI,Tx,PrePdAcct
CardTransaction3Choice	Aggtd,Indv
Case6	Id,Cretr,ReopCaseIndctn
CaseAssignment6	Id,Assgnr,Assgne,CreDtTm
CashAccount40	Id,Tp,Ccy,Nm,Prxy
CashAccount43	Id,Tp,Ccy,Nm,Prxy,Ownr,Svcr
CashAccountType2Choice	Cd,Prtry
CashAvailability1	Dt,Amt,CdtDbtInd
CashAvailabilityDate1Choice	NbOfDays,ActlDt
CashBalance8	Tp,CdtLine,Amt,CdtDbtInd,Dt,Avlbty
CashDeposit1	NoteDnmtn,NbOfNotes,Amt
CategoryPurpose1Choice	Cd,Prtry
CertificateIssuer1	RltvDstngshdNm
Charges14	Amt,Agt,AgtAcct,Tp
Charges15	TtlChrgsAndTaxAmt,Rcrd
Charges16	Amt,Agt,Tp
ChargesRecord8	Amt,CdtDbtInd,ChrgInclInd,Tp,Rate,Br,Agt,Tax
ChargeType3Choice	Cd,Prtry
Cheque19	ChqTp,ChqNb,ChqFr,DlvryMtd,DlvrTo,InstrPrty,ChqMtrtyDt,FrmsCd,MemoFld,RgnlClrZone,PrtLctn,Sgntr
ChequeDeliveryMethod1Choice	Cd,Prtry
ClearingSystemIdentification2Choice	Cd,Prtry
ClearingSystemIdentification3Choice	Cd,Prtry
ClearingSystemMemberIdentification2	ClrSysId,MmbId
Compensation5	Amt,DbtrAgt,DbtrAgtAcct,CdtrAgt,CdtrAgtAcct,Rsn
CompensationReason1Choice	Cd,Prtry
Contact13	NmPrfx,Nm,PhneNb,MobNb,FaxNb,URLAdr,EmailAdr,EmailPurp,JobTitl,Rspnsblty,Dept,Othr,PrefrdMtd
ContentInformationType10	CnttTp,EnvlpdData
ContentInformationType13	CnttTp,AuthntcdData,SgndData
ContentInformationType14	CnttTp,SgndData
ContentInformationType15	CnttTp,AuthntcdData
ControlData1	NbOfTxs,CtrlSum
CorporateAction82	EvtTp,CorpActnEvtId,OffclCorpActnEvtId
CorporateActionEventType104Choice	Cd,Prtry
CreditLine3	Incl,Tp,Amt,Dt
CreditLineType1Choice	Cd,Prtry
CreditorPaymentActivationRequestStatusReportV12	GrpHdr,OrgnlGrpInfAndSts,OrgnlPmtInfAndSts,SplmtryData
CreditorPaymentActivationRequestV12	GrpHdr,PmtInf,SplmtryData
CreditorReferenceInformation3	Tp,Ref
CreditorReferenceType2Choice	Cd,Prtry
CreditorReferenceType3	CdOrPrtry,Issr
CreditTransferMandateData1	MndtId,Tp,DtOfSgntr,DtOfVrfctn,ElctrncSgntr,FrstPmtDt,FnlPmtDt,Frqcy,Rsn
CreditTransferTransaction66	CdtId,BtchBookg,PmtTpInf,TtlIntrBkSttlmAmt,IntrBkSttlmDt,SttlmTmIndctn,InstgAgt,InstdAgt,IntrmyAgt1,IntrmyAgt1Acct,IntrmyAgt2,IntrmyAgt2Acct,IntrmyAgt3,IntrmyAgt3Acct,CdtrAgt,CdtrAgtAcct,Cdtr,CdtrAcct,UltmtCdtr,InstrForCdtrAgt,DrctDbtTxInf,SplmtryData
CreditTransferTransaction72	PmtId,PmtTpInf,UltmtDbtr,InitgPty,Dbtr,DbtrAcct,DbtrAgt,DbtrAgtAcct,PrvsInstgAgt1,PrvsInstgAgt1Acct,PrvsInstgAgt2,PrvsInstgAgt2Acct,PrvsInstgAgt3,PrvsInstgAgt3Acct,IntrmyAgt1,IntrmyAgt1Acct,IntrmyAgt2,IntrmyAgt2Acct,IntrmyAgt3,IntrmyAgt3Acct,CdtrAgt,CdtrAgtAcct,Cdtr,CdtrAcct,UltmtCdtr,InstrForCdtrAgt,InstrForNxtAgt,Purp,Tax,RmtInf,InstdAmt
CreditTransferTransaction73	PmtId,PmtTpInf,IntrBkSttlmAmt,IntrBkSttlmDt,SttlmPrty,SttlmTmIndctn,SttlmTmReq,AddtlDtTm,InstdAmt,XchgRate,AgrdRate,ChrgBr,ChrgsInf,MndtRltdInf,PmtSgntr,PrvsInstgAgt1,PrvsInstgAgt1Acct,PrvsInstgAgt2,PrvsInstgAgt2Acct,PrvsInstgAgt3,PrvsInstgAgt3Acct,InstgAgt,InstdAgt,IntrmyAgt1,IntrmyAgt1Acct,IntrmyAgt2,IntrmyAgt2Acct,IntrmyAgt3,IntrmyAgt3Acct,UltmtDbtr,InitgPty,Dbtr,DbtrAcct,DbtrAgt,DbtrAgtAcct,CdtrAgt,CdtrAgtAcct,Cdtr,CdtrAcct,UltmtCdtr,InstrForCdtrAgt,InstrForNxtAgt,Purp,RgltryRptg,Tax,RltdRmtInf,RmtInf,SplmtryData
CreditTransferTransaction74	PmtId,PmtTpInf,PmtCond,ReqdExctnDt,Amt,ChrgBr,MndtRltdInf,ChqInstr,UltmtDbtr,IntrmyAgt1,IntrmyAgt2,IntrmyAgt3,CdtrAgt,CdtrAgtAcct,Cdtr,CdtrAcct,UltmtCdtr,InstrForCdtrAgt,Purp,RgltryRptg,Tax,RltdRmtInf,RmtInf,NclsdFile,SplmtryData
CreditTransferTransaction76	PmtId,PmtTpInf,Amt,XchgRateInf,ChrgBr,MndtRltdInf,ChqInstr,UltmtDbtr,IntrmyAgt1,IntrmyAgt1Acct,IntrmyAgt2,IntrmyAgt2Acct,IntrmyAgt3,IntrmyAgt3Acct,CdtrAgt,CdtrAgtAcct,Cdtr,CdtrAcct,UltmtCdtr,InstrForCdtrAgt,InstrForDbtrAgt,Purp,RgltryRptg,Tax,RltdRmtInf,RmtInf,SplmtryData
CreditTransferTransaction79	PmtId,PmtTpInf,IntrBkSttlmAmt,IntrBkSttlmDt,SttlmPrty,SttlmTmIndctn,SttlmTmReq,XpryDtTm,PmtSgntr,PrvsInstgAgt1,PrvsInstgAgt1Acct,PrvsInstgAgt2,PrvsInstgAgt2Acct,PrvsInstgAgt3,PrvsInstgAgt3Acct,InstgAgt,InstdAgt,IntrmyAgt1,IntrmyAgt1Acct,IntrmyAgt2,IntrmyAgt2Acct,IntrmyAgt3,IntrmyAgt3Acct,UltmtDbtr,Dbtr,DbtrAcct,DbtrAgt,DbtrAgtAcct,CdtrAgt,CdtrAgtAcct,Cdtr,CdtrAcct,UltmtCdtr,InstrForCdtrAgt,InstrForNxtAgt,Purp,RgltryRptg,RmtInf,UndrlygAllcn,UndrlygCstmrCdtTrf,UndrlygFICdtTrf,SplmtryData
CreditTransferTransaction80	PmtId,PmtTpInf,IntrBkSttlmAmt,IntrBkSttlmDt,SttlmPrty,SttlmTmIndctn,SttlmTmReq,XpryDtTm,PmtSgntr,PrvsInstgAgt1,PrvsInstgAgt1Acct,PrvsInstgAgt2,PrvsInstgAgt2Acct,PrvsInstgAgt3,PrvsInstgAgt3Acct,InstgAgt,InstdAgt,IntrmyAgt1,IntrmyAgt1Acct,IntrmyAgt2,IntrmyAgt2Acct,IntrmyAgt3,IntrmyAgt3Acct,UltmtDbtr,Dbtr,DbtrAcct,DbtrAgt,DbtrAgtAcct,CdtrAgt,CdtrAgtAcct,Cdtr,CdtrAcct,UltmtCdtr,InstrForCdtrAgt,InstrForNxtAgt,Purp,RgltryRptg,RmtInf,UndrlygAllcn
CreditTransferTransaction82	PmtId,PmtTpInf,IntrBkSttlmAmt,IntrBkSttlmDt,SttlmPrty,SttlmTmIndctn,SttlmTmReq,XpryDtTm,PmtSgntr,PrvsInstgAgt1,PrvsInstgAgt1Acct,PrvsInstgAgt2,PrvsInstgAgt2Acct,PrvsInstgAgt3,PrvsInstgAgt3Acct,InstgAgt,InstdAgt,IntrmyAgt1,IntrmyAgt1Acct,IntrmyAgt2,IntrmyAgt2Acct,IntrmyAgt3,IntrmyAgt3Acct,UltmtDbtr,Dbtr,DbtrAcct,DbtrAgt,DbtrAgtAcct,CdtrAgt,CdtrAgtAcct,Cdtr,CdtrAcct,UltmtCdtr,InstrForCdtrAgt,InstrForNxtAgt,Purp,RmtInf,UndrlygAllcn
CryptographicKey1Choice	ILPV4,Sgntr
CryptographicKey20	Nm,Id,SctyDomnId,AddtlId,Vrsn,SeqCntr,Tp,Fctn,ActvtnDt,DeactvtnDt,KeyChckVal,CurSts,FailrRsn
CryptographicKey21	Nm,Id,SctyDomnId,AddtlId,Vrsn,SeqCntr,Tp,Fctn,ActvtnDt,DeactvtnDt,KeyChckVal,PblcKeyVal,KeyChcVal
CurrencyExchange13	SrcCcy,TrgtCcy,XchgRate,UnitCcy
CurrencyExchange24	SrcCcy,TrgtCcy,UnitCcy,XchgRate,CtrctId,QtnDt,XchgRateBase
CurrencyExchange26	UnitCcy,QtdCcy,PreAgrdXchgRate,QtnDtTm,QtId,FXAgt
CustomerCreditTransferInitiationV13	GrpHdr,PmtInf,SplmtryData
CustomerDirectDebitInitiationV12	GrpHdr,PmtInf,SplmtryData
CustomerPaymentCancellationRequestV13	Assgnmt,Case,CtrlData,Undrlyg,SplmtryData
CustomerPaymentReversalV13	GrpHdr,OrgnlGrpInf,OrgnlPmtInfAndRvsl,SplmtryData
CustomerPaymentStatusReportV15	GrpHdr,OrgnlGrpInfAndSts,OrgnlPmtInfAndSts,SplmtryData
DateAndDateTime2Choice	Dt,DtTm
DateAndPlaceOfBirth1	BirthDt,PrvcOfBirth,CityOfBirth,CtryOfBirth
DateAndType1	Tp,Dt
DateOrDateTimePeriod1Choice	Dt,DtTm
DatePeriod2	FrDt,ToDt
DatePeriod3	FrDt,ToDt
DateTimePeriod1	FrDtTm,ToDtTm
DateType2Choice	Cd,Prtry
DirectDebitTransaction12	MndtRltdInf,CdtrSchmeId,PreNtfctnId,PreNtfctnDt
DirectDebitTransactionInformation33	PmtId,PmtTpInf,IntrBkSttlmAmt,IntrBkSttlmDt,SttlmPrty,SttlmTmIndctn,SttlmTmReq,UltmtDbtr,Dbtr,DbtrAcct,DbtrAgt,DbtrAgtAcct,InstrForDbtrAgt,Purp,RmtInf
DirectDebitTransactionInformation34	PmtId,PmtTpInf,InstdAmt,ChrgBr,DrctDbtTx,UltmtCdtr,DbtrAgt,DbtrAgtAcct,Dbtr,DbtrAcct,UltmtDbtr,InstrForCdtrAgt,Purp,RgltryRptg,Tax,RltdRmtInf,RmtInf,SplmtryData
DirectDebitTransactionInformation35	PmtId,PmtTpInf,IntrBkSttlmAmt,IntrBkSttlmDt,SttlmPrty,SttlmTmIndctn,InstdAmt,XchgRate,ChrgBr,ChrgsInf,ReqdColltnDt,DrctDbtTx,Cdtr,CdtrAcct,CdtrAgt,CdtrAgtAcct,UltmtCdtr,InitgPty,InstgAgt,InstdAgt,IntrmyAgt1,IntrmyAgt1Acct,IntrmyAgt2,IntrmyAgt2Acct,IntrmyAgt3,IntrmyAgt3Acct,Dbtr,DbtrAcct,DbtrAgt,DbtrAgtAcct,UltmtDbtr,Purp,RgltryRptg,RltdRmtInf,RmtInf,SplmtryData
DisplayCapabilities1	DispTp,NbOfLines,LineWidth
DisplayCapabilities5	Dstn,AvlblFrmt,NbOfLines,LineWidth,AvlblLang
Document15	Tp,Id,IsseDt,Nm,LangCd,Frmt,FileNm,DgtlSgntr,Nclsr
DocumentAdjustment1	Amt,CdtDbtInd,Rsn,AddtlInf
DocumentAmount1	Tp,Amt
DocumentAmountType1Choice	Cd,Prtry
DocumentFormat1Choice	Cd,Prtry
DocumentLineIdentification1	Tp,Nb,RltdDt
DocumentLineInformation2	Id,Desc,Amt
DocumentLineType1	CdOrPrtry,Issr
DocumentLineType1Choice	Cd,Prtry
DocumentType1	CdOrPrtry,Issr
DocumentType1Choice	Cd,Prtry
DocumentType2Choice	Cd,Prtry
EncapsulatedContent3	CnttTp,Cntt
EncryptedContent3	CnttTp,CnttNcrptnAlgo,NcrptdData
EntryDetails16	Btch,TxDtls
EntryStatus1Choice	Cd,Prtry
EntryTransaction16	Refs,Amt,CdtDbtInd,AmtDtls,Avlbty,BkTxCd,Chrgs,Intrst,RltdPties,RltdAgts,LclInstrm,PmtTpInf,Purp,RltdRmtInf,RmtInf,RltdDts,RltdPric,RltdQties,FinInstrmId,Tax,RtrInf,RltdCorpActn,SfkpgAcct,UndrlygAllcn,CshDpst,CardTx,InstrCpy,AddtlTxInf,SplmtryData
EnvelopedData4	Vrsn,Rcpt,NcrptdCntt
EquivalentAmount2	Amt,CcyOfTrf
ExchangeRate1	UnitCcy,XchgRate,RateTp,CtrctId
FinancialIdentificationSchemeName1Choice	Cd,Prtry
FinancialInstitutionCreditTransferV13	GrpHdr,CdtTrfTxInf,SplmtryData
FinancialInstitutionDirectDebitV06	GrpHdr,CdtInstr,SplmtryData
FinancialInstitutionIdentification23	BICFI,ClrSysMmbId,LEI,Nm,PstlAdr,Othr
FinancialInstrumentQuantity33Choice	Unit,FaceAmt,AmtsdVal,DgtlTknUnit
FIToFICustomerCreditTransferV14	GrpHdr,CdtTrfTxInf,SplmtryData
FIToFICustomerDirectDebitV12	GrpHdr,DrctDbtTxInf,SplmtryData
FIToFIPaymentCancellationRequestV12	Assgnmt,Case,CtrlData,Undrlyg,SplmtryData
FIToFIPaymentReversalV14	GrpHdr,OrgnlGrpInf,TxInf,SplmtryData
FIToFIPaymentStatusReportV16	GrpHdr,OrgnlGrpInfAndSts,TxInfAndSts,SplmtryData
FIToFIPaymentStatusRequestV07	GrpHdr,OrgnlGrpInf,TxInf,SplmtryData
Frequency36Choice	Tp,Prd,PtInTm
Frequency37Choice	Cd,Prtry
FrequencyAndMoment1	Tp,PtInTm
FrequencyPeriod1	Tp,CntPerPrd
FromToAmountRange1	FrAmt,ToAmt
Garnishment4	Tp,Grnshee,GrnshmtAdmstr,RefNb,Dt,RmtdAmt,FmlyMdclInsrncInd,MplyeeTermntnInd
GarnishmentType1	CdOrPrtry,Issr
GarnishmentType1Choice	Cd,Prtry
GenericAccountIdentification1	Id,SchmeNm,Issr
GenericFinancialIdentification1	Id,SchmeNm,Issr
GenericIdentification1	Id,SchmeNm,Issr
GenericIdentification3	Id,Issr
GenericIdentification30	Id,Issr,SchmeNm
GenericIdentification32	Id,Tp,Issr,ShrtNm
GenericIdentification77	Id,Tp,Issr,Ctry,ShrtNm
GenericOrganisationIdentification3	Id,SchmeNm,Issr
GenericPersonIdentification2	Id,SchmeNm,Issr
GeographicCoordinates1	Lat,Long
GeographicLocation1Choice	GeogcCordints,UTMCordints
GroupHeader104	MsgId,CreDtTm,NbOfSttlmReqs,CtrlSum,SttlmInf
GroupHeader109	MsgId,CreDtTm,InstgAgt,InstdAgt
GroupHeader110	MsgId,CreDtTm,Authstn,InitgPty,InstgAgt,InstdAgt
GroupHeader111	MsgId,CreDtTm,InitgPty,FwdgAgt,DbtrAgt,CdtrAgt
GroupHeader112	MsgId,CreDtTm,NbOfTxs,CtrlSum,InitgPty,FwdgAgt
GroupHeader114	MsgId,CreDtTm,Authstn,NbOfTxs,CtrlSum,InitgPty,FwdgAgt,InitnSrc
GroupHeader116	MsgId,CreDtTm,MsgRcpt,MsgPgntn,OrgnlBizQry,AddtlInf
GroupHeader118	MsgId,CreDtTm,Authstn,NbOfTxs,CtrlSum,InitgPty,FwdgAgt
GroupHeader119	MsgId,CreDtTm,NbOfTxs,CtrlSum,InstgAgt,InstdAgt
GroupHeader120	MsgId,CreDtTm,InstgAgt,InstdAgt,OrgnlBizQry
GroupHeader123	MsgId,CreDtTm,Authstn,BtchBookg,NbOfTxs,CtrlSum,GrpRtr,TtlRtrdIntrBkSttlmAmt,IntrBkSttlmDt,SttlmInf,PmtTpInf,InstgAgt,InstdAgt
GroupHeader124	MsgId,CreDtTm,Authstn,NbOfTxs,CtrlSum,GrpRvsl,InitgPty,FwdgAgt,DbtrAgt,CdtrAgt
GroupHeader125	MsgId,CreDtTm,Authstn,BtchBookg,NbOfTxs,CtrlSum,TtlIntrBkSttlmAmt,IntrBkSttlmDt,SttlmInf,PmtTpInf,InstgAgt,InstdAgt
GroupHeader127	MsgId,CreDtTm,Authstn,BtchBookg,NbOfTxs,CtrlSum,GrpRvsl,TtlRvsdIntrBkSttlmAmt,IntrBkSttlmDt,SttlmInf,InstgAgt,InstdAgt
GroupHeader128	MsgId,CreDtTm,InitgPty,FwdgAgt,DbtrAgt,CdtrAgt
GroupHeader131	MsgId,CreDtTm,XpryDtTm,BtchBookg,NbOfTxs,CtrlSum,TtlIntrBkSttlmAmt,IntrBkSttlmDt,SttlmInf,PmtTpInf,InstgAgt,InstdAgt
Header20	MsgFctn,PrtcolVrsn,XchgId,CreDtTm,InitgPty,RcptPty,PrcStat,Tracblt
Header31	MsgFctn,PrtcolVrsn,XchgId,CreDtTm,InitgPty,RcptPty,PrcStat,Tracblt
Header32	MsgFctn,PrtcolVrsn,XchgId,ReTrnsmssnCntr,CreDtTm,InitgPty,RcptPty,PrcStat,Tracblt
HostToATMAcknowledgement1	Envt
HostToATMAcknowledgementV01	Hdr,PrtctdHstToATMAck,HstToATMAck,SctyTrlr
HostToATMRequest1	Envt,CmdId,XpctdMsgFctn
HostToATMRequestV01	Hdr,PrtctdHstToATMReq,HstToATMReq,SctyTrlr
IdentificationSource3Choice	Cd,Prtry
ImpliedCurrencyAmountRange1Choice	FrAmt,ToAmt,FrToAmt,EQAmt,NEQAmt
InstructionForCreditorAgent3	Cd,InstrInf
InstructionForDebtorAgent1	Cd,InstrInf
InstructionForNextAgent1	Cd,InstrInf
InterestRecord2	Amt,CdtDbtInd,Tp,Rate,FrToDt,Rsn,Tax
InterestType1Choice	Cd,Prtry
InvestigationStatus6Choice	Conf,RjctdMod,DplctOf,AssgnmtCxlConf
IssuerAndSerialNumber1	Issr,SrlNb
KEK4	Vrsn,KEKId,KeyNcrptnAlgo,NcrptdKey
KEKIdentifier2	KeyId,KeyVrsn,SeqNb,DerivtnId
KEKIdentifier4	Nm,KeyId,KeyVrsn
KeyTransport4	Vrsn,RcptId,KeyNcrptnAlgo,NcrptdKey
KeyValue3Choice	NcrptdKeyVal,TRRltdData
LocalInstrument2Choice	Cd,Prtry
Mandate20	MndtId,MndtReqId,Authntcn,Tp,Ocrncs,TrckgInd,FrstColltnAmt,ColltnAmt,MaxAmt,Adjstmnt,Rsn,CdtrSchmeId,Cdtr,CdtrAcct,CdtrAgt,UltmtCdtr,Dbtr,DbtrAcct,DbtrAgt,UltmtDbtr,MndtRef,RfrdDoc
Mandate21	MndtId,MndtReqId,Authntcn,Tp,Ocrncs,TrckgInd,FrstColltnAmt,ColltnAmt,MaxAmt,Adjstmnt,Rsn,CdtrSchmeId,Cdtr,CdtrAcct,CdtrAgt,UltmtCdtr,Dbtr,DbtrAcct,DbtrAgt,UltmtDbtr,MndtRef,RfrdDoc
Mandate22	MndtId,MndtReqId,Authntcn,Tp,Ocrncs,TrckgInd,FrstColltnAmt,ColltnAmt,MaxAmt,Adjstmnt,Rsn,CdtrSchmeId,Cdtr,CdtrAcct,CdtrAgt,UltmtCdtr,Dbtr,DbtrAcct,DbtrAgt,UltmtDbtr,MndtRef,RfrdDoc
Mandate23	MndtId,MndtReqId,Authntcn,Tp,Ocrncs,TrckgInd,FrstColltnAmt,ColltnAmt,MaxAmt,Adjstmnt,Rsn,CdtrSchmeId,Cdtr,CdtrAcct,CdtrAgt,UltmtCdtr,Dbtr,DbtrAcct,DbtrAgt,UltmtDbtr,MndtRef,RfrdDoc,SplmtryData
MandateAcceptance8	OrgnlMsgInf,AccptncRslt,OrgnlMndt,SplmtryData
MandateAcceptanceReportV08	GrpHdr,UndrlygAccptncDtls,SplmtryData
MandateAdjustment1	DtAdjstmntRuleInd,Ctgy,Amt,Rate
MandateAmendment8	OrgnlMsgInf,AmdmntRsn,Mndt,OrgnlMndt,SplmtryData
MandateAmendmentReason3	Orgtr,Rsn,AddtlInf
MandateAmendmentRequestV08	GrpHdr,UndrlygAmdmntDtls,SplmtryData
MandateAuthentication1	MsgAuthntcnCd,Dt,Chanl
MandateCancellation8	OrgnlMsgInf,CxlRsn,OrgnlMndt,SplmtryData
MandateCancellationReason2	Orgtr,Rsn,AddtlInf
MandateCancellationRequestV08	GrpHdr,UndrlygCxlDtls,SplmtryData
MandateClassification1Choice	Cd,Prtry
MandateCopy4	OrgnlMsgInf,OrgnlMndt,MndtSts,SplmtryData
MandateCopyRequestV04	GrpHdr,UndrlygCpyReqDtls,SplmtryData
MandateInitiationRequestV08	GrpHdr,Mndt,SplmtryData
MandateOccurrences5	SeqTp,Frqcy,Drtn,FrstColltnDt,FnlColltnDt
MandateReason1Choice	Cd,Prtry
MandateRelatedData5Choice	DrctDbtMndt,CdtTrfMndt
MandateRelatedInformation16	MndtId,DtOfSgntr,AmdmntInd,AmdmntInfDtls,ElctrncSgntr,FrstColltnDt,FnlColltnDt,Frqcy,Rsn,TrckgDays
MandateSetupReason1Choice	Cd,Prtry
MandateStatus1Choice	Cd,Prtry
MandateSuspension4	SspnsnReqId,OrgnlMsgInf,SspnsnRsn,OrgnlMndt,SplmtryData
MandateSuspensionReason1Choice	Cd,Prtry
MandateSuspensionReason3	Orgtr,Rsn,AddtlInf
MandateSuspensionRequestV04	GrpHdr,UndrlygSspnsnDtls,SplmtryData
MandateTypeInformation2	SvcLvl,LclInstrm,CtgyPurp,Clssfctn
MessageIdentification2	MsgNmId,MsgId
ModificationStatusReason1Choice	Cd,Prtry
MovementRecord2	Id,SeqNb,Amt,SttlmAgt,SttlmAgtAcct,Ptcpt,PtcptAcct,Ref
MultilateralSettlementRequest3	InstrId,InstrPrty,SttlmTmReq,SttlmPrty,SttlmCycl,NbOfMvmntRcrds,MvmntRcrd
MultilateralSettlementRequestV02	GrpHdr,SttlmReq,SplmtryData
NameAndAddress18	Nm,Adr
NumberAndSumOfTransactions1	NbOfNtries,Sum
NumberAndSumOfTransactions4	NbOfNtries,Sum,TtlNetNtry
NumberOfCancellationsPerStatus1	DtldNbOfTxs,DtldSts,DtldCtrlSum
NumberOfTransactionsPerStatus1	DtldNbOfTxs,DtldSts,DtldCtrlSum
NumberOfTransactionsPerStatus5	DtldNbOfTxs,DtldSts,DtldCtrlSum
OrganisationIdentification39	AnyBIC,LEI,Othr
OrganisationIdentificationSchemeName1Choice	Cd,Prtry
OriginalAndCurrentQuantities1	FaceAmt,AmtsdVal
OriginalBusinessQuery1	MsgId,MsgNmId,CreDtTm
OriginalGroupHeader19	OrgnlMsgId,OrgnlMsgNmId,OrgnlCreDtTm,RtrRsnInf
OriginalGroupHeader20	OrgnlMsgId,OrgnlMsgNmId,OrgnlCreDtTm,RvslRsnInf
OriginalGroupHeader21	GrpCxlId,Case,OrgnlMsgId,OrgnlMsgNmId,OrgnlCreDtTm,NbOfTxs,CtrlSum,GrpCxl,CxlRsnInf
OriginalGroupHeader22	OrgnlMsgId,OrgnlMsgNmId,OrgnlCreDtTm,OrgnlNbOfTxs,OrgnlCtrlSum,GrpSts,StsRsnInf,NbOfTxsPerSts
OriginalGroupHeader23	OrgnlGrpCxlId,RslvdCase,OrgnlMsgId,OrgnlMsgNmId,OrgnlCreDtTm,OrgnlNbOfTxs,OrgnlCtrlSum,GrpCxlSts,CxlStsRsnInf,NbOfTxsPerCxlSts
OriginalGroupInformation27	OrgnlMsgId,OrgnlMsgNmId,OrgnlCreDtTm,OrgnlNbOfTxs,OrgnlCtrlSum
OriginalGroupInformation32	OrgnlMsgId,OrgnlMsgNmId,OrgnlCreDtTm,OrgnlNbOfTxs,OrgnlCtrlSum,GrpSts,StsRsnInf,NbOfTxsPerSts
OriginalGroupInformation33	OrgnlMsgId,OrgnlMsgNmId,OrgnlCreDtTm
OriginalMandate10Choice	OrgnlMndtId,OrgnlMndt
OriginalMandate11Choice	OrgnlMndtId,OrgnlMndt
OriginalMessageInformation1	MsgId,MsgNmId,CreDtTm
OriginalPaymentInstruction52	OrgnlPmtInfId,OrgnlNbOfTxs,OrgnlCtrlSum,PmtInfSts,StsRsnInf,NbOfTxsPerSts,TxInfAndSts
OriginalPaymentInstruction53	RvslPmtInfId,OrgnlPmtInfId,OrgnlNbOfTxs,OrgnlCtrlSum,BtchBookg,PmtInfRvsl,RvslRsnInf,TxInf
OriginalPaymentInstruction54	OrgnlPmtInfCxlId,RslvdCase,OrgnlPmtInfId,OrgnlGrpInf,OrgnlNbOfTxs,OrgnlCtrlSum,PmtInfCxlSts,CxlStsRsnInf,NbOfTxsPerCxlSts,TxInfAndSts
OriginalPaymentInstruction55	PmtCxlId,Case,OrgnlPmtInfId,OrgnlGrpInf,NbOfTxs,CtrlSum,PmtInfCxl,CxlRsnInf,TxInf
OriginalPaymentInstruction56	OrgnlPmtInfId,OrgnlNbOfTxs,OrgnlCtrlSum,PmtInfSts,StsRsnInf,NbOfTxsPerSts,TxInfAndSts
OriginalTransactionReference45	IntrBkSttlmAmt,Amt,IntrBkSttlmDt,ReqdColltnDt,ReqdExctnDt,CdtrSchmeId,SttlmInf,PmtTpInf,PmtMtd,MndtRltdInf,RmtInf,UltmtDbtr,Dbtr,DbtrAcct,DbtrAgt,DbtrAgtAcct,CdtrAgt,CdtrAgtAcct,Cdtr,CdtrAcct,UltmtCdtr,Purp,UndrlygCstmrCdtTrf,UndrlygFICdtTrf
OriginalTransactionReference46	Amt,ReqdExctnDt,XpryDt,PmtCond,PmtTpInf,PmtMtd,MndtRltdInf,RmtInf,NclsdFile,UltmtDbtr,Dbtr,DbtrAcct,DbtrAgt,DbtrAgtAcct,CdtrAgt,CdtrAgtAcct,Cdtr,CdtrAcct,UltmtCdtr
OriginalTransactionReference47	IntrBkSttlmAmt,Amt,IntrBkSttlmDt,ReqdColltnDt,ReqdExctnDt,CdtrSchmeId,SttlmInf,PmtTpInf,PmtMtd,MndtRltdInf,RmtInf,UltmtDbtr,Dbtr,DbtrAcct,DbtrAgt,DbtrAgtAcct,CdtrAgt,CdtrAgtAcct,Cdtr,CdtrAcct,UltmtCdtr,Purp
OtherContact1	ChanlTp,Id
OtherIdentification1	Id,Sfx,Tp
Pagination1	PgNb,LastPgInd
Parameter4	NcrptnFrmt,DgstAlgo,MskGnrtrAlgo
Parameter5	DgstAlgo
Parameter6	NcrptnFrmt,InitlstnVctr,BPddg
Parameter7	InitlstnVctr,BPddg
Parameter8	DgstAlgo,MskGnrtrAlgo,SaltLngth,TrlrFld
Party50Choice	Pty,Agt
Party52Choice	OrgId,PrvtId
PartyAndSignature4	Pty,Sgntr
PartyIdentification272	Nm,PstlAdr,Id,CtryOfRes,CtctDtls
PaymentCancellationReason6	Orgtr,Rsn,AddtlInf
PaymentCard37	CardDataNtryMd,FllbckInd,PrtctdCardData,PlainCardData,CardCtryCd,CardCcyCd,ElctrncPrsBal
PaymentCard4	PlainCardData,CardCtryCd,CardBrnd,AddtlCardData
PaymentCondition2	AmtModAllwd,EarlyPmtAllwd,DelyPnlty,ImdtPmtRbt,GrntedPmtReqd
PaymentConditionStatus2	AccptdAmt,GrntedPmt,EarlyPmt
PaymentContext3	CardPres,CrdhldrPres,OnLineCntxt,AttndncCntxt,TxEnvt,TxChanl,AttndntMsgCpbl,AttndntLang,CardDataNtryMd,FllbckInd,AuthntcnMtd
PaymentIdentification13	InstrId,EndToEndId,TxId,UETR,ClrSysRef
PaymentIdentification6	InstrId,EndToEndId,UETR
PaymentInitiationSource1	Nm,Prvdr,Vrsn
PaymentInstruction48	PmtInfId,PmtMtd,ReqdAdvcTp,PmtTpInf,ReqdExctnDt,XpryDt,PmtCond,Dbtr,DbtrAcct,DbtrAgt,DbtrAgtAcct,UltmtDbtr,ChrgBr,CdtTrfTx
PaymentInstruction50	PmtInfId,PmtMtd,ReqdAdvcTp,BtchBookg,NbOfTxs,CtrlSum,PmtTpInf,ReqdColltnDt,Cdtr,CdtrAcct,CdtrAgt,CdtrAgtAcct,UltmtCdtr,ChrgBr,ChrgsAcct,ChrgsAcctAgt,CdtrSchmeId,DrctDbtTxInf
PaymentInstruction51	PmtInfId,PmtMtd,ReqdAdvcTp,BtchBookg,NbOfTxs,CtrlSum,PmtTpInf,ReqdExctnDt,PoolgAdjstmntDt,Dbtr,DbtrAcct,DbtrAgt,DbtrAgtAcct,InstrForDbtrAgt,UltmtDbtr,ChrgBr,ChrgsAcct,ChrgsAcctAgt,CdtTrfTxInf
PaymentReturnReason7	Orgtr,Rsn,AddtlInf
PaymentReturnReason8	OrgnlBkTxCd,Orgtr,Rsn,AddtlInf
PaymentReturnV15	GrpHdr,OrgnlGrpInf,TxInf,SplmtryData
PaymentReversalReason10	Orgtr,Rsn,AddtlInf
PaymentTransaction168	RtrId,OrgnlGrpInf,OrgnlInstrId,OrgnlEndToEndId,OrgnlTxId,OrgnlUETR,OrgnlClrSysRef,OrgnlIntrBkSttlmAmt,OrgnlIntrBkSttlmDt,PmtTpInf,RtrdIntrBkSttlmAmt,IntrBkSttlmDt,SttlmPrty,SttlmTmIndctn,SttlmTmReq,RtrdInstdAmt,XchgRate,AgrdRate,CompstnAmt,ChrgBr,ChrgsInf,ClrSysRef,InstgAgt,InstdAgt,RtrChain,RtrRsnInf,OrgnlTxRef,SplmtryData
PaymentTransaction169	StsId,OrgnlInstrId,OrgnlEndToEndId,OrgnlUETR,TxSts,StsRsnInf,PmtCondSts,ChrgsInf,DbtrDcsnDtTm,AccptncDtTm,AcctSvcrRef,ClrSysRef,OrgnlTxRef,NclsdFile,SplmtryData
PaymentTransaction170	CxlStsId,RslvdCase,OrgnlGrpInf,OrgnlInstrId,OrgnlEndToEndId,OrgnlTxId,OrgnlClrSysRef,OrgnlUETR,TxCxlSts,CxlStsRsnInf,RsltnRltdInf,OrgnlIntrBkSttlmAmt,OrgnlIntrBkSttlmDt,Assgnr,Assgne,OrgnlTxRef
PaymentTransaction171	StsReqId,OrgnlGrpInf,OrgnlInstrId,OrgnlEndToEndId,OrgnlTxId,OrgnlUETR,AccptncDtTm,ClrSysRef,InstgAgt,InstdAgt,OrgnlTxRef,SplmtryData
PaymentTransaction172	CxlId,Case,OrgnlGrpInf,OrgnlInstrId,OrgnlEndToEndId,OrgnlTxId,OrgnlUETR,OrgnlClrSysRef,OrgnlIntrBkSttlmAmt,OrgnlIntrBkSttlmDt,Assgnr,Assgne,CxlRsnInf,OrgnlTxRef,SplmtryData
PaymentTransaction174	RvslId,OrgnlInstrId,OrgnlEndToEndId,OrgnlUETR,OrgnlInstdAmt,RvsdInstdAmt,ChrgBr,RvslRsnInf,OrgnlTxRef,SplmtryData
PaymentTransaction175	CxlStsId,RslvdCase,OrgnlInstrId,OrgnlEndToEndId,UETR,TxCxlSts,CxlStsRsnInf,OrgnlInstdAmt,OrgnlReqdExctnDt,OrgnlReqdColltnDt,OrgnlTxRef
PaymentTransaction176	CxlId,Case,OrgnlInstrId,OrgnlEndToEndId,OrgnlUETR,OrgnlInstdAmt,OrgnlReqdExctnDt,OrgnlReqdColltnDt,CxlRsnInf,OrgnlTxRef,SplmtryData
PaymentTransaction177	StsId,OrgnlGrpInf,OrgnlInstrId,OrgnlEndToEndId,OrgnlTxId,OrgnlUETR,TxSts,StsRsnInf,ChrgsInf,AccptncDtTm,PrcgDt,FctvIntrBkSttlmDt,AcctSvcrRef,ClrSysRef,CdtSttlmKey,InstgAgt,InstdAgt,OrgnlTxRef,SplmtryData
PaymentTransaction178	StsId,OrgnlInstrId,OrgnlEndToEndId,OrgnlUETR,TxSts,StsRsnInf,ChrgsInf,TrckrData,AccptncDtTm,AcctSvcrRef,ClrSysRef,OrgnlTxRef,SplmtryData
PaymentTransaction182	RvslId,OrgnlGrpInf,OrgnlInstrId,OrgnlEndToEndId,OrgnlTxId,OrgnlUETR,OrgnlClrSysRef,OrgnlIntrBkSttlmAmt,RvsdIntrBkSttlmAmt,IntrBkSttlmDt,SttlmPrty,SttlmTmIndctn,RvsdInstdAmt,XchgRate,CompstnAmt,ChrgBr,ChrgsInf,InstgAgt,InstdAgt,RvslRsnInf,OrgnlTxRef,SplmtryData
PaymentTypeInformation26	InstrPrty,SvcLvl,LclInstrm,CtgyPurp
PaymentTypeInformation27	InstrPrty,ClrChanl,SvcLvl,LclInstrm,SeqTp,CtgyPurp
PaymentTypeInformation28	InstrPrty,ClrChanl,SvcLvl,LclInstrm,CtgyPurp
PaymentTypeInformation29	InstrPrty,SvcLvl,LclInstrm,SeqTp,CtgyPurp
PersonIdentification18	DtAndPlcOfBirth,Othr
PersonIdentificationSchemeName1Choice	Cd,Prtry
PlainCardData1	PAN,CardSeqNb,FctvDt,XpryDt,SvcCd,TrckData,CardSctyCd
PlainCardData24	PAN,CardSeqNb,FctvDt,XpryDt,Trck1,Trck2,Trck3
PointOfInteraction1	Id,SysNm,GrpId,Cpblties,Cmpnt
PointOfInteractionCapabilities1	CardRdngCpblties,CrdhldrVrfctnCpblties,OnLineCpblties,DispCpblties,PrtLineWidth
PointOfInteractionCapabilities10	CardRdData,CardWrtData,Authntcn,PINLngthCpblties,ApprvlCdLngth,MxScrptLngth,CardCaptrCpbl,WdrwlMdia,DpstdMdia,MsgCpblties,IntractvTxs,RctPrtg
PointOfInteractionComponent1	POICmpntTp,ManfctrId,Mdl,VrsnNb,SrlNb,ApprvlNb
PostalAddress17	AdrLine,StrtNm,BldgNb,PstCd,TwnNm,CtrySubDvsn,Ctry,GLctn
PostalAddress27	AdrTp,CareOf,Dept,SubDept,StrtNm,BldgNb,BldgNm,Flr,UnitNb,PstBx,Room,PstCd,TwnNm,TwnLctnNm,DstrctNm,CtrySubDvsn,Ctry,AdrLine
Price7	Tp,Val
PriceRateOrAmount3Choice	Rate,Amt
Product2	PdctCd,UnitOfMeasr,PdctQty,UnitPric,PdctAmt,TaxTp,AddtlPdctInf
ProprietaryAgent5	Tp,Agt
ProprietaryBankTransactionCodeStructure1	Cd,Issr
ProprietaryDate3	Tp,Dt
ProprietaryParty6	Tp,Pty
ProprietaryPrice2	Tp,Pric
ProprietaryQuantity1	Tp,Qty
ProprietaryReference1	Tp,Ref
ProxyAccountIdentification1	Tp,Id
ProxyAccountType1Choice	Cd,Prtry
PublicRSAKey1	Mdlus,Expnt
Purpose2Choice	Cd,Prtry
Rate4	Tp,VldtyRg
RateType4Choice	Pctg,Othr
Recipient4Choice	KeyTrnsprt,KEK,KeyIdr
Recipient5Choice	IssrAndSrlNb,KeyIdr
References80Choice	SctiesSttlmTxId,IntraPosMvmntId,IntraBalMvmntId,AcctSvcrTxId,MktInfrstrctrTxId,CtrPtyMktInfrstrctrTxId,PoolId,CmonId,TradId,UnqTxIdr,OthrTxId
ReferredDocumentInformation8	Tp,Nb,RltdDt,LineDtls
ReferredMandateDocument2	Tp,Nb,CdtrRef,RltdDt
RegulatoryAuthority2	Nm,Ctry
RegulatoryReporting10	DbtCdtRptgInd,Authrty,Dtls
RegulatoryReportingType1Choice	Cd,Prtry
RelativeDistinguishedName1	AttrTp,AttrVal
RemittanceAmount4	RmtAmtAndTp,AdjstmntAmtAndRsn
RemittanceInformation2	Ustrd
RemittanceInformation26	Ustrd,Strd
RemittanceLocation8	RmtId,RmtLctnDtls
RemittanceLocationData2	Mtd,ElctrncAdr,PstlAdr
ReportEntry16	NtryRef,Amt,CdtDbtInd,RvslInd,Sts,BookgDt,ValDt,AcctSvcrRef,Avlbty,BkTxCd,ComssnWvrInd,AddtlInfInd,AmtDtls,Chrgs,TechInptChanl,Intrst,CardTx,NtryDtls,AddtlNtryInf
ReportingSource1Choice	Cd,Prtry
ResolutionData5	EndToEndId,TxId,UETR,IntrBkSttlmAmt,IntrBkSttlmDt,ClrChanl,Compstn,ChrgsInf
ResolutionOfInvestigationV14	Assgnmt,RslvdCase,Sts,CxlDtls,RsltnRltdInf,SplmtryData
ResponseType12	Rspn,RspnRsn,AddtlRspnInf
ReturnReason5Choice	Cd,Prtry
ReversalReason4Choice	Cd,Prtry
SecuritiesAccount19	Id,Tp,Nm
SecuritiesAttributes1	UnqTxIdr,Amt
SecurityIdentification19	ISIN,OthrId,Desc
SecurityParameters18	Key,SgntrChc,Cert,ATMChllng,ReqdKey
SecurityParameters19	HstChllng,Key,SgntrChc
SequenceRange1	FrSeq,ToSeq
SequenceRange1Choice	FrSeq,ToSeq,FrToSeq,EQSeq,NEQSeq
ServiceLevel8Choice	Cd,Prtry
SettlementDateTimeIndication1	DbtDtTm,CdtDtTm
SettlementInstruction14	SttlmMtd,SttlmAcct,ClrSys
SettlementInstruction15	SttlmMtd,SttlmAcct,ClrSys,InstgRmbrsmntAgt,InstgRmbrsmntAgtAcct,InstdRmbrsmntAgt,InstdRmbrsmntAgtAcct,ThrdRmbrsmntAgt,ThrdRmbrsmntAgtAcct
SettlementTimeRequest2	CLSTm,TillTm,FrTm,RjctTm
SignedData4	Vrsn,DgstAlgo,NcpsltdCntt,Cert,Sgnr
Signer3	Vrsn,SgnrId,DgstAlgo,SgntrAlgo,Sgntr
StatusReason6Choice	Cd,Prtry
StatusReasonInformation14	Orgtr,Rsn,AddtlInf
StructuredRegulatoryReporting5	Tp,Dt,Ctry,RptgCd,Amt,Inf
StructuredRemittanceInformation22	RfrdDocInf,RfrdDocAmt,CdtrRefInf,Invcr,Invcee,TaxRmt,GrnshmtRmt,SctiesData,AddtlRmtInf
SupplementaryData1	PlcAndNm,Envlp
TaxAmount3	Rate,TaxblBaseAmt,TtlAmt,Dtls
TaxAuthorisation1	Titl,Nm
TaxCharges2	Id,Rate,Amt
TaxData1	Cdtr,Dbtr,UltmtDbtr,AdmstnZone,RefNb,Mtd,TtlTaxblBaseAmt,TtlTaxAmt,Dt,SeqNb,Rcrd
TaxParty1	TaxId,RegnId,TaxTp
TaxParty2	TaxId,RegnId,TaxTp,Authstn
TaxPeriod3	Yr,Tp,FrToDt
TaxRecord3	Tp,Ctgy,CtgyDtls,DbtrSts,CertId,FrmsCd,Prd,TaxAmt,AddtlInf
TaxRecordDetails3	Prd,Amt
TechnicalInputChannel1Choice	Cd,Prtry
TerminalHosting1	Ctgy,Id
TotalsPerBankTransactionCode5	NbOfNtries,Sum,TtlNetNtry,CdtNtries,DbtNtries,FcstInd,BkTxCd,Avlbty,Dt
TotalTransactions6	TtlNtries,TtlCdtNtries,TtlDbtNtries,TtlNtriesPerBkTxCd
Traceability4	RlayId,SeqNb,TracDtTmIn,TracDtTmOut
TrackData1	TrckNb,TrckVal
TrackerData7	ConfdDt,ConfdAmt,TrckrRcrd
TrackerRecord5	Agt,ChrgBr,ChrgsAmt,XchgRateData
TransactionAgents6	InstgAgt,InstdAgt,DbtrAgt,CdtrAgt,IntrmyAgt1,IntrmyAgt2,IntrmyAgt3,RcvgAgt,DlvrgAgt,IssgAgt,SttlmPlc,Prtry
TransactionAllocation2	Amt,CdtDbtInd,Acct,Purp,Ref,RltdRefs
TransactionDates3	AccptncDtTm,TradActvtyCtrctlSttlmDt,TradDt,IntrBkSttlmDt,StartDt,EndDt,TxDtTm,Prtry
TransactionIdentifier1	TxDtTm,TxRef
TransactionIdentifier3	TxDtTm,HstTxDtTm,TxRef
TransactionInterest4	TtlIntrstAndTaxAmt,Rcrd
TransactionParties11	UltmtDbtr,Dbtr,DbtrAcct,InitgPty,DbtrAgt,DbtrAgtAcct,PrvsInstgAgt1,PrvsInstgAgt1Acct,PrvsInstgAgt2,PrvsInstgAgt2Acct,PrvsInstgAgt3,PrvsInstgAgt3Acct,IntrmyAgt1,IntrmyAgt1Acct,IntrmyAgt2,IntrmyAgt2Acct,IntrmyAgt3,IntrmyAgt3Acct,CdtrAgt,CdtrAgtAcct,Cdtr,CdtrAcct,UltmtCdtr
TransactionParties12	InitgPty,Dbtr,DbtrAcct,UltmtDbtr,Cdtr,CdtrAcct,UltmtCdtr,TradgPty,Prtry
TransactionPrice4Choice	DealPric,Prtry
TransactionQuantities4Choice	Qty,OrgnlAndCurFaceAmt,Prtry
TransactionReferences10	MsgId,AcctSvcrRef,PmtInfId,InstrId,EndToEndId,UETR,TxId,MndtId,ChqNb,ClrSysRef,AcctOwnrTxId,AcctSvcrTxId,MktInfrstrctrTxId,PrcgId,RtrId,Prtry
TransactionVerificationResult5	Mtd,VrfctnNtty,Rslt,AddtlRslt,AuthntcnTkn
TRRelatedData2	TR34Cmd,TRBlck
UnderlyingTransaction35	OrgnlGrpInfAndSts,OrgnlPmtInfAndSts,TxInfAndSts
UnderlyingTransaction36	OrgnlGrpInfAndCxl,TxInf
UnderlyingTransaction37	OrgnlGrpInfAndCxl,OrgnlPmtInfAndCxl
UTMCoordinates1	UTMZone,UTMEstwrd,UTMNrthwrd
YieldedOrValueType1Choice	Yldd,ValTp
