# DATATYPE: DATATYPE name isoId kind status checksum definition; MEMBER: MEMBER parentName memberId memberName xmlTag kind dataTypeName minOccurs maxOccurs definition
# Generated by tools/spec-extract from get_spec_snapshot (components + choices). Choice members are the snapshot's VARIANT rows.
DATATYPE	GroupHeader104	_7o6soQcYEeyTDbUIoCmuCw	MessageComponent	Registered	60B68EB3B1546772	Set of characteristics shared by all individual instructions included in the message.
MEMBER	GroupHeader104	_7ua3sQcYEeyTDbUIoCmuCw	MessageIdentification	MsgId	Attribute	Max35Text	1	1	Point to point reference, as assigned by the instructing agent, and sent to the market infrastructure to unambiguously identify the message.||Usage: The instructing agent has to make sure that MessageIdentification is unique per market infrastructure for a pre-agreed period.
MEMBER	GroupHeader104	_7ua3swcYEeyTDbUIoCmuCw	CreationDateTime	CreDtTm	Attribute	ISODateTime	1	1	Date and time at which the message was created.
MEMBER	GroupHeader104	_7ua3twcYEeyTDbUIoCmuCw	NumberOfSettlementRequests	NbOfSttlmReqs	Attribute	Max15NumericText	1	1	Number of individual settlement requests contained in the message.
MEMBER	GroupHeader104	_7ua3uQcYEeyTDbUIoCmuCw	ControlSum	CtrlSum	Attribute	DecimalNumber	0	1	Total of all individual amounts included in the message, irrespective of currencies.
MEMBER	GroupHeader104	_7ua3vQcYEeyTDbUIoCmuCw	SettlementInformation	SttlmInf	Component	SettlementInstruction14	0	1	Specifies the details on how the settlement of the transaction(s) between the instructing agent and the market infrastructure is completed.
DATATYPE	MultilateralSettlementRequest3	_z-2GQTEyEe6g-ffJsqGiSA	MessageComponent	Registered	97843335B370341C	Provides details specific to the individual settlement instruction(s) included in the message.
MEMBER	MultilateralSettlementRequest3	_0BPS8TEyEe6g-ffJsqGiSA	InstructionIdentification	InstrId	Attribute	Max35Text	1	1	Unique identification, as assigned by the instructing agent, and sent to the market infrastructure to unambiguously identify the instruction.||Usage: The instruction identification is a point to point reference that can be used between the instructing agent and the market infrastructure to refer to the individual instruction. It can be included in several messages related to the instruction.
MEMBER	MultilateralSettlementRequest3	_0BPS8zEyEe6g-ffJsqGiSA	InstructionPriority	InstrPrty	Codeset	Priority3Code	0	1	Indicator of the urgency or order of importance that the instructing agent would like the market infrastructure to apply to the processing of the instruction.||Usage: Market practice or bilateral agreement should specify how this element should be used. If this element is not populated and there is no market guidance or bilateral agreement, the priority will be considered as 'Normal'.
MEMBER	MultilateralSettlementRequest3	_0BPS9TEyEe6g-ffJsqGiSA	SettlementTimeRequest	SttlmTmReq	Component	SettlementTimeRequest2	0	1	Provides information on the requested settlement time(s) of the instruction.
MEMBER	MultilateralSettlementRequest3	_0BPS9zEyEe6g-ffJsqGiSA	SettlementPriority	SttlmPrty	Codeset	Priority3Code	0	1	Indicator of the urgency or order of importance that the instructing agent would like the market infrastructure to apply to the processing of the settlement instruction.||Usage: Market practice or bilateral agreement should specify how this element should be used. If this element is not populated and there is no market guidance or bilateral agreement, the priority will be considered as 'Normal'.
MEMBER	MultilateralSettlementRequest3	_0BPS-TEyEe6g-ffJsqGiSA	SettlementCycle	SttlmCycl	Attribute	Max35Text	0	1	Identification of the settlement cycle in the settlement service.||Usage: The SettlementCycle is used to differentiate this multilateral settlement from other multilateral settlements where more than one occurs within a given time period.
MEMBER	MultilateralSettlementRequest3	_0BPS-zEyEe6g-ffJsqGiSA	NumberOfMovementRecords	NbOfMvmntRcrds	Attribute	Number	0	1	Indicator of the number of movement records contained in an individual settlement request.
MEMBER	MultilateralSettlementRequest3	_0BPS_TEyEe6g-ffJsqGiSA	MovementRecord	MvmntRcrd	Component	MovementRecord2	2	*	Credit or debit transaction contained in an individual settlement request.||Usage: The sum of all amounts (debit and credit records) should net to zero where net settlement is used.
DATATYPE	MovementRecord2	_0BP6ATEyEe6g-ffJsqGiSA	MessageComponent	Registered	051C9AE442A07FAA	Details of a movement record requested in a single settlement instruction. 
MEMBER	MovementRecord2	_0DhK4TEyEe6g-ffJsqGiSA	Identification	Id	Attribute	Max35Text	1	1	Unique identification, as assigned by the instructing agent, and sent to the market infrastructure to unambiguously identify the specific movement record (transaction) within a settlement request.||Usage: The movement identification is a point to point reference that can be used between the instructing agent and the market infrastructure to refer to the individual movement record within a settlement request. It can be included in several messages related to the movement.
MEMBER	MovementRecord2	_0DhK4zEyEe6g-ffJsqGiSA	SequenceNumber	SeqNb	Attribute	Number	0	1	An index to identify the individual movement record entry.
MEMBER	MovementRecord2	_0DhK5TEyEe6g-ffJsqGiSA	Amount	Amt	Component	AmountAndDirection5	1	1	Amount of money requested by the instructing agent for settlement at the market infrastructure in a single movement record entry.
MEMBER	MovementRecord2	_0DhK5zEyEe6g-ffJsqGiSA	SettlementAgent	SttlmAgt	Component	PartyIdentification272	0	1	Agent in whose account the funds settle on behalf of the participant.
MEMBER	MovementRecord2	_0DhK6TEyEe6g-ffJsqGiSA	SettlementAgentAccount	SttlmAgtAcct	Component	CashAccount40	0	1	Unambiguous identification of the account of the settlement agent.
MEMBER	MovementRecord2	_0DhK6zEyEe6g-ffJsqGiSA	Participant	Ptcpt	Component	PartyIdentification272	0	1	Identification of a participant on behalf of which the settlement agent instructs the market infrastructure to settle the obligations using accounts held in the settlement service.
MEMBER	MovementRecord2	_0DhK7TEyEe6g-ffJsqGiSA	ParticipantAccount	PtcptAcct	Component	CashAccount40	0	1	Unambiguous identification of the account of the participant held in the settlement service.
MEMBER	MovementRecord2	_0DhK7zEyEe6g-ffJsqGiSA	Reference	Ref	Attribute	Max35Text	0	1	Reference information to complement a movement record.
DATATYPE	AmountAndDirection5	_T2Wkhdp-Ed-ak6NoX_4Aeg_-2124038249	MessageComponent	Registered	C57C8F8C6CBDC2A6	Amount of money debited or credited on the books of an account servicer.
MEMBER	AmountAndDirection5	_T2Wkhtp-Ed-ak6NoX_4Aeg_-2090791440	Amount	Amt	Amount	ActiveCurrencyAndAmount	1	1	Amount of money that is debited or credited.
MEMBER	AmountAndDirection5	_T2Wkh9p-Ed-ak6NoX_4Aeg_-2037226790	CreditDebit	CdtDbt	Codeset	CreditDebitCode	0	1	Indicates if the amount is a debited or a credited.
