codeSetName	isoId	restrictionOf	code	enumName
ExternalCreditLineType1Code	_XyEA4IZ6Eee8r9VKRbnJSg		*EXTERNAL*	minLength=1 maxLength=4; no code list published (not enumerated)
ExternalBalanceType1Code	_XihW8IakEeeUws0ZryHQ2w		*EXTERNAL*	minLength=1 maxLength=4; ~10 codes (not enumerated)
ExternalBalanceSubType1Code	_amL5k9p-Ed-ak6NoX_4Aeg_-1218783633		*EXTERNAL*	minLength=1 maxLength=4; ~22 codes (not enumerated)
CopyDuplicate1Code	_bCWRI9p-Ed-ak6NoX_4Aeg_-462671342	CopyDuplicateCode	CODU	CopyDuplicate
CopyDuplicate1Code	_bCWRI9p-Ed-ak6NoX_4Aeg_-462671342	CopyDuplicateCode	COPY	Copy
CopyDuplicate1Code	_bCWRI9p-Ed-ak6NoX_4Aeg_-462671342	CopyDuplicateCode	DUPL	Duplicate
ExternalBankTransactionDomain1Code	_amL5lNp-Ed-ak6NoX_4Aeg_450092509		*EXTERNAL*	minLength=1 maxLength=4; no code list published (not enumerated)
ExternalBankTransactionFamily1Code	_amL5ltp-Ed-ak6NoX_4Aeg_482415289		*EXTERNAL*	minLength=1 maxLength=4; no code list published (not enumerated)
ExternalBankTransactionSubFamily1Code	_amVqkNp-Ed-ak6NoX_4Aeg_512891906		*EXTERNAL*	minLength=1 maxLength=4; no code list published (not enumerated)
CardPaymentServiceType2Code	_TSqIbwEcEeCQm6a_G2yO_w_2042569244	CardPaymentServiceTypeCode	AGGR	Aggregation
CardPaymentServiceType2Code	_TSqIbwEcEeCQm6a_G2yO_w_2042569244	CardPaymentServiceTypeCode	DCCV	DCC
CardPaymentServiceType2Code	_TSqIbwEcEeCQm6a_G2yO_w_2042569244	CardPaymentServiceTypeCode	GRTT	Gratuity
CardPaymentServiceType2Code	_TSqIbwEcEeCQm6a_G2yO_w_2042569244	CardPaymentServiceTypeCode	INSP	Instalment
CardPaymentServiceType2Code	_TSqIbwEcEeCQm6a_G2yO_w_2042569244	CardPaymentServiceTypeCode	LOYT	Loyalty
CardPaymentServiceType2Code	_TSqIbwEcEeCQm6a_G2yO_w_2042569244	CardPaymentServiceTypeCode	NRES	NoShow
CardPaymentServiceType2Code	_TSqIbwEcEeCQm6a_G2yO_w_2042569244	CardPaymentServiceTypeCode	PUCO	PurchaseCorporate
CardPaymentServiceType2Code	_TSqIbwEcEeCQm6a_G2yO_w_2042569244	CardPaymentServiceTypeCode	RECP	RecurringPayment
CardPaymentServiceType2Code	_TSqIbwEcEeCQm6a_G2yO_w_2042569244	CardPaymentServiceTypeCode	SOAF	SolicitedAvailableFunds
CardPaymentServiceType2Code	_TSqIbwEcEeCQm6a_G2yO_w_2042569244	CardPaymentServiceTypeCode	UNAF	UnsolicitedAvailableFunds
CardPaymentServiceType2Code	_TSqIbwEcEeCQm6a_G2yO_w_2042569244	CardPaymentServiceTypeCode	VCAU	VoiceAuthorisation
ExternalCardTransactionCategory1Code	_t7bogFkyEeGeoaLUQk__nA_-1719712446		*EXTERNAL*	minLength=1 maxLength=4; no code list published (not enumerated)
CSCManagement1Code	_TS9qYQEcEeCQm6a_G2yO_w_-804127704	CSCManagementCode	BYPS	CSCByPass
CSCManagement1Code	_TS9qYQEcEeCQm6a_G2yO_w_-804127704	CSCManagementCode	NCSC	NoCSC
CSCManagement1Code	_TS9qYQEcEeCQm6a_G2yO_w_-804127704	CSCManagementCode	PRST	CSCPresent
CSCManagement1Code	_TS9qYQEcEeCQm6a_G2yO_w_-804127704	CSCManagementCode	UNRD	CSCUnread
CardholderVerificationCapability1Code	_TSg-dAEcEeCQm6a_G2yO_w_-949484223	CardholderVerificationCapabilityCode	APKI	AccountDigitalSignature
CardholderVerificationCapability1Code	_TSg-dAEcEeCQm6a_G2yO_w_-949484223	CardholderVerificationCapabilityCode	CHDT	CardholderData
CardholderVerificationCapability1Code	_TSg-dAEcEeCQm6a_G2yO_w_-949484223	CardholderVerificationCapabilityCode	FBIG	OfflineBiographics
CardholderVerificationCapability1Code	_TSg-dAEcEeCQm6a_G2yO_w_-949484223	CardholderVerificationCapabilityCode	FBIO	OfflineBiometrics
CardholderVerificationCapability1Code	_TSg-dAEcEeCQm6a_G2yO_w_-949484223	CardholderVerificationCapabilityCode	FCPN	OfflinePINClear
CardholderVerificationCapability1Code	_TSg-dAEcEeCQm6a_G2yO_w_-949484223	CardholderVerificationCapabilityCode	FDSG	OfflineDigitalSignature
CardholderVerificationCapability1Code	_TSg-dAEcEeCQm6a_G2yO_w_-949484223	CardholderVerificationCapabilityCode	FEPN	OfflinePINEncrypted
CardholderVerificationCapability1Code	_TSg-dAEcEeCQm6a_G2yO_w_-949484223	CardholderVerificationCapabilityCode	MNSG	ManualSignature
CardholderVerificationCapability1Code	_TSg-dAEcEeCQm6a_G2yO_w_-949484223	CardholderVerificationCapabilityCode	MNVR	ManualVerification
CardholderVerificationCapability1Code	_TSg-dAEcEeCQm6a_G2yO_w_-949484223	CardholderVerificationCapabilityCode	NPIN	OnLinePIN
CardholderVerificationCapability1Code	_TSg-dAEcEeCQm6a_G2yO_w_-949484223	CardholderVerificationCapabilityCode	PKIS	PKISignature
CardholderVerificationCapability1Code	_TSg-dAEcEeCQm6a_G2yO_w_-949484223	CardholderVerificationCapabilityCode	SCEC	SecureElectronicCommerce
UserInterface2Code	_TUmCEgEcEeCQm6a_G2yO_w_-457047932	UserInterfaceCode	CDSP	CardholderDisplay
UserInterface2Code	_TUmCEgEcEeCQm6a_G2yO_w_-457047932	UserInterfaceCode	MDSP	MerchantDisplay
OnLineCapability1Code	_TTZvTgEcEeCQm6a_G2yO_w_-1858574023	OnLineCapabilityCode	OFLN	OffLine
OnLineCapability1Code	_TTZvTgEcEeCQm6a_G2yO_w_-1858574023	OnLineCapabilityCode	ONLN	OnLine
OnLineCapability1Code	_TTZvTgEcEeCQm6a_G2yO_w_-1858574023	OnLineCapabilityCode	SMON	SemiOffLine
POIComponentType1Code	_TT2bMAEcEeCQm6a_G2yO_w_-1074872914	POIComponentTypeCode	CHIT	CardholderInterface
POIComponentType1Code	_TT2bMAEcEeCQm6a_G2yO_w_-1074872914	POIComponentTypeCode	EMVK	EMVKernel
POIComponentType1Code	_TT2bMAEcEeCQm6a_G2yO_w_-1074872914	POIComponentTypeCode	EMVO	EMVLevel1
POIComponentType1Code	_TT2bMAEcEeCQm6a_G2yO_w_-1074872914	POIComponentTypeCode	MRIT	MerchantInterface
POIComponentType1Code	_TT2bMAEcEeCQm6a_G2yO_w_-1074872914	POIComponentTypeCode	PEDV	PINEntryDevice
POIComponentType1Code	_TT2bMAEcEeCQm6a_G2yO_w_-1074872914	POIComponentTypeCode	SECM	SecureModule
POIComponentType1Code	_TT2bMAEcEeCQm6a_G2yO_w_-1074872914	POIComponentTypeCode	SOFT	Soft
PartyType4Code	_TTtRQAEcEeCQm6a_G2yO_w_-1492633607	PartyTypeCode	ACCP	Acceptor
PartyType4Code	_TTtRQAEcEeCQm6a_G2yO_w_-1492633607	PartyTypeCode	ACQR	Acquirer
PartyType4Code	_TTtRQAEcEeCQm6a_G2yO_w_-1492633607	PartyTypeCode	CISS	CardIssuer
PartyType4Code	_TTtRQAEcEeCQm6a_G2yO_w_-1492633607	PartyTypeCode	ITAG	IntermediaryAgent
PartyType4Code	_TTtRQAEcEeCQm6a_G2yO_w_-1492633607	PartyTypeCode	MERC	Merchant
PartyType4Code	_TTtRQAEcEeCQm6a_G2yO_w_-1492633607	PartyTypeCode	TAXH	TaxAuthority
PartyType3Code	_TTjgTQEcEeCQm6a_G2yO_w_-438078851	PartyTypeCode	ACCP	Acceptor
PartyType3Code	_TTjgTQEcEeCQm6a_G2yO_w_-438078851	PartyTypeCode	ACQR	Acquirer
PartyType3Code	_TTjgTQEcEeCQm6a_G2yO_w_-438078851	PartyTypeCode	CISS	CardIssuer
PartyType3Code	_TTjgTQEcEeCQm6a_G2yO_w_-438078851	PartyTypeCode	DLIS	DelegateIssuer
PartyType3Code	_TTjgTQEcEeCQm6a_G2yO_w_-438078851	PartyTypeCode	ITAG	IntermediaryAgent
PartyType3Code	_TTjgTQEcEeCQm6a_G2yO_w_-438078851	PartyTypeCode	MERC	Merchant
PartyType3Code	_TTjgTQEcEeCQm6a_G2yO_w_-438078851	PartyTypeCode	OPOI	OriginatingPOI
AttendanceContext1Code	_TSESgwEcEeCQm6a_G2yO_w_-1954159559	AttendanceContextCode	ATTD	Attended
AttendanceContext1Code	_TSESgwEcEeCQm6a_G2yO_w_-1954159559	AttendanceContextCode	SATT	SemiAttended
AttendanceContext1Code	_TSESgwEcEeCQm6a_G2yO_w_-1954159559	AttendanceContextCode	UATT	Unattended
ISO2ALanguageCode	_TUmCIAEcEeCQm6a_G2yO_w_637447613		*PATTERN*	[a-z]{2,2} (ISO 639-1; two lowercase letters; no code list in repository; not enumerated)
AuthenticationEntity1Code	_TSESjQEcEeCQm6a_G2yO_w_-1884722384	AuthenticationEntityCode	AGNT	AuthorisedAgent
AuthenticationEntity1Code	_TSESjQEcEeCQm6a_G2yO_w_-1884722384	AuthenticationEntityCode	ICCD	ICC
AuthenticationEntity1Code	_TSESjQEcEeCQm6a_G2yO_w_-1884722384	AuthenticationEntityCode	MERC	Merchant
AuthenticationMethod1Code	_TSNccAEcEeCQm6a_G2yO_w_-183697186	AuthenticationMethodCode	BYPS	Bypass
AuthenticationMethod1Code	_TSNccAEcEeCQm6a_G2yO_w_-183697186	AuthenticationMethodCode	CPSG	SignatureCapture
AuthenticationMethod1Code	_TSNccAEcEeCQm6a_G2yO_w_-183697186	AuthenticationMethodCode	FPIN	OfflinePIN
AuthenticationMethod1Code	_TSNccAEcEeCQm6a_G2yO_w_-183697186	AuthenticationMethodCode	MANU	ManualVerification
AuthenticationMethod1Code	_TSNccAEcEeCQm6a_G2yO_w_-183697186	AuthenticationMethodCode	MERC	MerchantAuthentication
AuthenticationMethod1Code	_TSNccAEcEeCQm6a_G2yO_w_-183697186	AuthenticationMethodCode	NPIN	OnLinePIN
AuthenticationMethod1Code	_TSNccAEcEeCQm6a_G2yO_w_-183697186	AuthenticationMethodCode	PPSG	PaperSignature
AuthenticationMethod1Code	_TSNccAEcEeCQm6a_G2yO_w_-183697186	AuthenticationMethodCode	SCNL	SecuredChannel
AuthenticationMethod1Code	_TSNccAEcEeCQm6a_G2yO_w_-183697186	AuthenticationMethodCode	SCRT	SecureCertificate
AuthenticationMethod1Code	_TSNccAEcEeCQm6a_G2yO_w_-183697186	AuthenticationMethodCode	SNCT	SecureNoCertificate
AuthenticationMethod1Code	_TSNccAEcEeCQm6a_G2yO_w_-183697186	AuthenticationMethodCode	UKNW	UnknownMethod
TransactionChannel1Code	_TUAMOQEcEeCQm6a_G2yO_w_2033954837	TransactionChannelCode	ECOM	ElectronicCommerce
TransactionChannel1Code	_TUAMOQEcEeCQm6a_G2yO_w_2033954837	TransactionChannelCode	MAIL	MailOrder
TransactionChannel1Code	_TUAMOQEcEeCQm6a_G2yO_w_2033954837	TransactionChannelCode	TLPH	TelephoneOrder
TransactionChannel1Code	_TUAMOQEcEeCQm6a_G2yO_w_2033954837	TransactionChannelCode	TVPY	TelevisionPayment
TransactionEnvironment1Code	_TUAMPgEcEeCQm6a_G2yO_w_704662992	TransactionEnvironmentCode	MERC	Merchant
TransactionEnvironment1Code	_TUAMPgEcEeCQm6a_G2yO_w_704662992	TransactionEnvironmentCode	PRIV	Private
TransactionEnvironment1Code	_TUAMPgEcEeCQm6a_G2yO_w_704662992	TransactionEnvironmentCode	PUBL	Public
UnitOfMeasure1Code	_TUTHIwEcEeCQm6a_G2yO_w_859190881	UnitOfMeasureCode	ACRE	Acre
UnitOfMeasure1Code	_TUTHIwEcEeCQm6a_G2yO_w_859190881	UnitOfMeasureCode	ARES	Are
UnitOfMeasure1Code	_TUTHIwEcEeCQm6a_G2yO_w_859190881	UnitOfMeasureCode	CELI	Centilitre
UnitOfMeasure1Code	_TUTHIwEcEeCQm6a_G2yO_w_859190881	UnitOfMeasureCode	CMET	Centimetre
UnitOfMeasure1Code	_TUTHIwEcEeCQm6a_G2yO_w_859190881	UnitOfMeasureCode	FOOT	Foot
UnitOfMeasure1Code	_TUTHIwEcEeCQm6a_G2yO_w_859190881	UnitOfMeasureCode	GBGA	GBGallon
UnitOfMeasure1Code	_TUTHIwEcEeCQm6a_G2yO_w_859190881	UnitOfMeasureCode	GBOU	GBOunce
UnitOfMeasure1Code	_TUTHIwEcEeCQm6a_G2yO_w_859190881	UnitOfMeasureCode	GBPI	GBPint
UnitOfMeasure1Code	_TUTHIwEcEeCQm6a_G2yO_w_859190881	UnitOfMeasureCode	GBQA	GBQuart
UnitOfMeasure1Code	_TUTHIwEcEeCQm6a_G2yO_w_859190881	UnitOfMeasureCode	GRAM	Gram
UnitOfMeasure1Code	_TUTHIwEcEeCQm6a_G2yO_w_859190881	UnitOfMeasureCode	HECT	Hectare
UnitOfMeasure1Code	_TUTHIwEcEeCQm6a_G2yO_w_859190881	UnitOfMeasureCode	INCH	Inch
UnitOfMeasure1Code	_TUTHIwEcEeCQm6a_G2yO_w_859190881	UnitOfMeasureCode	KILO	Kilogram
UnitOfMeasure1Code	_TUTHIwEcEeCQm6a_G2yO_w_859190881	UnitOfMeasureCode	KMET	Kilometre
UnitOfMeasure1Code	_TUTHIwEcEeCQm6a_G2yO_w_859190881	UnitOfMeasureCode	LITR	Litre
UnitOfMeasure1Code	_TUTHIwEcEeCQm6a_G2yO_w_859190881	UnitOfMeasureCode	METR	Metre
UnitOfMeasure1Code	_TUTHIwEcEeCQm6a_G2yO_w_859190881	UnitOfMeasureCode	MILE	Mile
UnitOfMeasure1Code	_TUTHIwEcEeCQm6a_G2yO_w_859190881	UnitOfMeasureCode	MILI	MilliLitre
UnitOfMeasure1Code	_TUTHIwEcEeCQm6a_G2yO_w_859190881	UnitOfMeasureCode	MMET	Millimetre
UnitOfMeasure1Code	_TUTHIwEcEeCQm6a_G2yO_w_859190881	UnitOfMeasureCode	PIEC	Piece
UnitOfMeasure1Code	_TUTHIwEcEeCQm6a_G2yO_w_859190881	UnitOfMeasureCode	PUND	Pound
UnitOfMeasure1Code	_TUTHIwEcEeCQm6a_G2yO_w_859190881	UnitOfMeasureCode	SCMT	SquareCentimetre
UnitOfMeasure1Code	_TUTHIwEcEeCQm6a_G2yO_w_859190881	UnitOfMeasureCode	SMET	SquareMetre
UnitOfMeasure1Code	_TUTHIwEcEeCQm6a_G2yO_w_859190881	UnitOfMeasureCode	SMIL	SquareMillimetre
UnitOfMeasure1Code	_TUTHIwEcEeCQm6a_G2yO_w_859190881	UnitOfMeasureCode	SQFO	SquareFoot
UnitOfMeasure1Code	_TUTHIwEcEeCQm6a_G2yO_w_859190881	UnitOfMeasureCode	SQIN	SquareInch
UnitOfMeasure1Code	_TUTHIwEcEeCQm6a_G2yO_w_859190881	UnitOfMeasureCode	SQKI	SquareKilometre
UnitOfMeasure1Code	_TUTHIwEcEeCQm6a_G2yO_w_859190881	UnitOfMeasureCode	SQMI	SquareMile
UnitOfMeasure1Code	_TUTHIwEcEeCQm6a_G2yO_w_859190881	UnitOfMeasureCode	SQYA	SquareYard
UnitOfMeasure1Code	_TUTHIwEcEeCQm6a_G2yO_w_859190881	UnitOfMeasureCode	TONS	Ton
UnitOfMeasure1Code	_TUTHIwEcEeCQm6a_G2yO_w_859190881	UnitOfMeasureCode	USGA	USGallon
UnitOfMeasure1Code	_TUTHIwEcEeCQm6a_G2yO_w_859190881	UnitOfMeasureCode	USOU	USOunce
UnitOfMeasure1Code	_TUTHIwEcEeCQm6a_G2yO_w_859190881	UnitOfMeasureCode	USPI	USPint
UnitOfMeasure1Code	_TUTHIwEcEeCQm6a_G2yO_w_859190881	UnitOfMeasureCode	USQA	USQuart
UnitOfMeasure1Code	_TUTHIwEcEeCQm6a_G2yO_w_859190881	UnitOfMeasureCode	YARD	Yard
ExternalRePresentmentReason1Code	_Y-8cBfwLEeGHDMP28rpT3g_-2028738047		*EXTERNAL*	minLength=1 maxLength=4; ~5 codes (not enumerated)
ExternalFinancialInstrumentIdentificationType1Code	_Yajvhtp-Ed-ak6NoX_4Aeg_-705317158		*EXTERNAL*	minLength=1 maxLength=4; ~24 codes (not enumerated)
InterestType1Code	_zdviVg93EeGeV5vP7Mvdig_45097203	InterestCode	INDY	IntraDay
InterestType1Code	_zdviVg93EeGeV5vP7Mvdig_45097203	InterestCode	OVRN	OverNight
ExternalCorporateActionEventType1Code	_Qsi2cD3lEe-thIfLZ94a1w		*EXTERNAL*	minLength=1 maxLength=4; ~67 codes (not enumerated)
PriceValueType1Code	_aJIKJ9p-Ed-ak6NoX_4Aeg_1793790743	PriceValueTypeCode	DISC	Discount
PriceValueType1Code	_aJIKJ9p-Ed-ak6NoX_4Aeg_1793790743	PriceValueTypeCode	PARV	Par
PriceValueType1Code	_aJIKJ9p-Ed-ak6NoX_4Aeg_1793790743	PriceValueTypeCode	PREM	Premium
ExternalEntryStatus1Code	__lGEsK6IEeexrtTFgmVD3Q		*EXTERNAL*	minLength=1 maxLength=4; ~4 codes (not enumerated)
ExternalTechnicalInputChannel1Code	_amolh9p-Ed-ak6NoX_4Aeg_-614400071		*EXTERNAL*	minLength=1 maxLength=4; ~4 codes (not enumerated)
ExternalReportingSource1Code	_amolgtp-Ed-ak6NoX_4Aeg_-418115557		*EXTERNAL*	minLength=1 maxLength=4; ~11 codes (not enumerated)
